Workbook
Name Casing_Collar: 'Casing Review'!$AK$10:$AK$21
Name Casing_Grade: 'Casing Review'!$AL$10:$AL$38
Name Casing_Joint: 'Casing Review'!$AK$10:$AK$21

Sheet Casing Review
A1: Version | B1: =MAX('Rev Hist'!A3:A75) | I1: Minimum Design Factors
I2: Collapse | K2: 1.125
I3: Burst | K3: 1
A4: Company | I4: Tension
A5: Well Name | J5: STC | K5: 1.8
A6: API | J6: LTC | K6: 1.8
D7: KOP Method | E7: N | J7: BTC | K7: 1.6
A8: Casing | D8: Survey Method | E8: y | G8: Set Depth | H8: String # | J8: Premium | K8: 1.5
A9: Frac Gradient | C9: psi/ft | D9: DX | E9: y | F9: DVT | J9: Body Yield | K9: 1.6
A10: STRING 1 | B10: Hole Size | C10: Csg size | D10: Set Depth | E10: Csg Wt | F10: Csg Grade | G10: Csg Collar | H10: Cement Lead Qty | I10: Cement Lead Yield | J10: Cement Tail Qty | K10: Cement Tail Yield | L10: Cement Lead Qty | M10: Cement Lead Yield | N10: Cement Tail Qty | O10: Cement Tail Yield | P10: Cement cu. Ft. | Q10: Cement Height | R10: TOC | S10: MASP | T10: Collapse Strength | U10: Collapse Load | V10: Collapse DF | W10: Burst Strength | X10: Burst Load | Y10: Burst DF | Z10: Tension Strength | AA10: Tension DF | AB10: Neutral Point | AC10: Tension Air | AD10: Tension Buoyed | AE10: ID | AF10: As | AG10: pi | AH10: wL | AI10: Fa | AK10: BTC | AL10: B
C11: A | E11: B | F11: C | G11: I | H11: 1 | J11: 2 | L11: 3 | N11: 4 | AB11: dneutral = dc*(1-ρm/65.4) | AD11: We=W*(1-ρm/65.4) | AF11: As3 | AG11: p3 | AH11: wL3 | AK11: CDC | AL11: C-75
A12: =IF($H$9=1,"Cmt above DVT","") | P12: =$H12*$I12+$J12*$K12+$L12*$M12+$N12*$O12 | Q12: =IF($C12>0,(1/(((((B$20/100)*$B12)+$B12)^2-$C12^2)/183.35))*(P12),0) | R12: =IF($H$9=1,IF(Q12>D$12,"Surface",D12-Q12),IF((Q12+Q14+Q16)>MAX(D$12:D$16),"Surface",MAX(D$12:D$16)-Q16-Q14-Q12)) | S12: =0.05194806*B19*B18-B21*B19 | T12: =DGET('Casing Strengths'!A$7:P$2700,'Casing Strengths'!D$7,C11:G12) | U12: =0.05194806*(B$18-$B$23)*DxSurvey!H57 | V12: =T12/U12 | W12: =DGET('Casing Strengths'!A$7:P$2700,'Casing Strengths'!E7,C11:G12) | X12: =IF(D12=0,0,IF($B$22=0,MAX((0.05194806*$B$18*DxSurvey!H57),MIN($I$24-($B$19-DxSurvey!H57)*$B$36,$L$24-$B$21*($B$19-DxSurvey!H57))),MAX((0.05194806*($B$18-$B$22)*DxSurvey!H57),MIN(($I$24-($B$19-DxSurvey!H57)*$B$36-(0.05194806*$B$22*DxSurvey!H57)),$L$24-$B$21*($B$19-DxSurvey!H57)-(0.05194806*$B$22*DxSurvey!H57))))) | Y12: =W12/X12 | Z12: =DGET('Casing Strengths'!A$7:P$2700,'Casing Strengths'!J7,C11:G12) | AA12: =IF(B17="Y",Z12/AD12,Z12/AC12) | AB12: =DxSurvey!H57*(1-B18/65.4) | AC12: =(AH12+AH14+AH16)/1000 | AD12: =AI12/1000 | AE12: =DGET('Casing Strengths'!A$7:P$2700,'Casing Strengths'!N$7,C11:G12) | AF12: =PI()/4*(C12^2-AE12^2) | AG12: =0.05194806*B18*DxSurvey!H57 | AH12: =E12*DxSurvey!F57 | AI12: =AH12+AH14+AH16-((AG16-AG14)*AF16+(AG14-AG12)*AF14+AG12*AF12) | AK12: DDS | AL12: C-90
C13: A | E13: B | F13: C | G13: I | H13: 5 | J13: 6 | L13: 7 | N13: 8 | P13: =$J12*$K12+$N12*$O12 | Q13: =IF($C12>0,IF(H9=1,MIN(D19-G9,(1/((((($B$20/100)*$B12)+$B12)^2-$C12^2)/183.35))*(P13)),(1/((((($B$20/100)*$B12)+$B12)^2-$C12^2)/183.35))*(P13)),0) | R13: =IF((Q13+Q15+Q17)>MAX(D$12:D$16),"Surface",MAX(D$12:D$16)-Q17-Q15-Q13) | AF13: As2 | AG13: p2 | AH13: wL2 | AK13: DQX | AL13: C-95
A14: =IF(H9=1,"Cmt below DVT","") | P14: =$H14*$I14+$J14*$K14+$L14*$M14+$N14*$O14 | Q14: =IF($C14>0,IF($H$9=1,MIN(D14-D12,(1/(((((B$20/100)*$B14)+$B14)^2-$C14^2)/183.35))*(P14)),(1/(((((B$20/100)*$B14)+$B14)^2-$C14^2)/183.35))*(P14)),0) | T14: =DGET('Casing Strengths'!A$7:P$2700,'Casing Strengths'!D$7,C13:G14) | U14: =0.05194806*(B$18-$B$23)*DxSurvey!H58 | V14: =T14/U14 | W14: =DGET('Casing Strengths'!A$7:P$2700,'Casing Strengths'!E7,C13:G14) | X14: =IF(D14=0,0,IF($B$22=0,MAX((0.05194806*$B$18*DxSurvey!H58),MIN($I$24-($B$19-DxSurvey!H58)*$B$36,$L$24-$B$21*($B$19-DxSurvey!H58))),MAX((0.05194806*($B$18-$B$22)*DxSurvey!H58),MIN(($I$24-($B$19-DxSurvey!H58)*$B$36-(0.05194806*$B$22*DxSurvey!H58)),$L$24-$B$21*($B$19-DxSurvey!H58)-(0.05194806*$B$22*DxSurvey!H58))))) | Y14: =W14/X14 | Z14: =DGET('Casing Strengths'!A$7:P$2700,'Casing Strengths'!J7,C13:G14) | AA14: =IF(B17="Y",Z14/AD14,Z14/AC14) | AB14: =DxSurvey!H58*(1-B18/65.4) | AC14: =(AH14+AH16)/1000 | AD14: =AI14/1000 | AE14: =IF(C14=0,0,DGET('Casing Strengths'!A$7:P$2700,'Casing Strengths'!N$7,C13:G14)) | AF14: =PI()/4*(C14^2-AE14^2) | AG14: =0.05194806*B18*DxSurvey!H58 | AH14: =E14*(DxSurvey!F58-DxSurvey!F57) | AI14: =AH14+AH16-((AG16-AG14)*AF16+AG14*AF14) | AK14: LTC | AL14: H2S-90
C15: A | E15: B | F15: C | G15: I | H15: 9 | J15: 10 | L15: 11 | N15: 12 | P15: =$J14*$K14+$N14*$O14 | Q15: =IF($C14>0,(1/((((($B$20/100)*$B14)+$B14)^2-$C14^2)/183.35))*(P15), 0) | AF15: As1 | AG15: p1 | AH15: wL1 | AK15: PE | AL15: H2S-95
P16: =$H16*$I16+$J16*$K16+$L16*$M16+$N16*$O16 | Q16: =IF($C16>0,(1/(((((B$20/100)*$B16)+$B16)^2-$C16^2)/183.35))*(P16), 0) | T16: =DGET('Casing Strengths'!A$7:P$2700,'Casing Strengths'!D$7,C14:G16) | U16: =0.05194806*(B$18-$B$23)*DxSurvey!H59 | V16: =T16/U16 | W16: =DGET('Casing Strengths'!A$7:P$2700,'Casing Strengths'!E7,C15:G16) | X16: =IF(D16=0,0,IF($B$22=0,MAX((0.05194806*$B$18*DxSurvey!H59),MIN($I$24,$L$24-$B$21*($B$19-DxSurvey!H59))),MAX((0.05194806*($B$18-$B$22)*DxSurvey!H59),MIN(($I$24-(0.05194806*$B$22*DxSurvey!H59)),$L$24-$B$21*($B$19-DxSurvey!H59)-(0.05194806*$B$22*DxSurvey!H59))))) | Y16: =W16/X16 | Z16: =DGET('Casing Strengths'!A$7:P$2700,'Casing Strengths'!J7,C15:G16) | AA16: =IF(B17="Y",Z16/AD16,Z16/AC16) | AB16: =DxSurvey!H59*(1-B18/65.4) | AC16: =(AH16)/1000 | AD16: =AI16/1000 | AE16: =IF(C16=0,0,DGET('Casing Strengths'!A$7:P$2700,'Casing Strengths'!N$7,C15:G16)) | AF16: =PI()/4*(C16^2-AE16^2) | AG16: =0.05194806*B18*DxSurvey!H59 | AH16: =E16*(DxSurvey!F59-DxSurvey!F58) | AI16: =AH16-(AG16*AF16) | AK16: STC | AL16: H-40
A17: Buoyed | P17: =$J16*$K16+$N16*$O16 | Q17: =IF($C16>0,(1/((((($B$20/100)*$B16)+$B16)^2-$C16^2)/183.35))*(P17), 0) | AK17: ST-L | AL17: HCK-55
A18: MW | C18: ppg | AK18: TTRS1 | AL18: HCL-80
A19: TVD | B19: =IF(AND($E$9="y", E$8="Y"),VLOOKUP(MAX(D12:D23),DxSurvey!$B$16:$H$54,7,FALSE),IF(AND(E$9="y",E$7="y"),MAX(DxSurvey!H$57:H$59),MAX($D$12:D$23))) | C19: ft | D19: =MAX(D12:D16) | E19: MD | AE19: =D12/$D$19*AE12+(D14-D12)/$D$19*AE14+(D16-D14)/$D$19*AE16 | AK19: SLIJ-II | AL19: HCN-80
A20: Hole Washout | C20: % | AK20: U-SF | AL20: HCP-110
A21: Internal Gradient | C21: psi/ft | AL21: HCQ-125
A22: Backup Mud | C22: ppg | AL22: I-55
A23: Internal Mud | C23: ppg | AL23: I-80
A24: Next Set Depth | B24: =IF(B34>0,B34,IF(B49>0,B49,IF(B64>0,B64,B79))) | C24: Next MW | D24: =IF(D27>0,B33,B48) | E24: Next BHP | F24: =IF(B34>0,D24*B34*0.05194806,IF(B49>0,D24*B49*0.05194806,IF(B64>0,D24*B64*0.05194806,D24*B79*0.05194806))) | G24: Fracture Initiation Pressure | I24: =B$9*B19 | J24: Max anticipated pressure at shoe | L24: =IF(B34>0,F24-(B34-B19)*B36,IF(B49>0,F39-(B49-B19)*B51,IF(B64>0,F54-(B64-B19)*B66,B19*B18*0.05194806))) | AL24: J-55
A25: STRING 2 | B25: Hole Size | C25: Csg size | D25: Set Depth | E25: Csg Wt | F25: Csg Grade | G25: Csg Collar | H25: Cement Lead Qty | I25: Cement Lead Yield | J25: Cement Tail Qty | K25: Cement Tail Yield | L25: Cement Lead Qty | M25: Cement Lead Yield | N25: Cement Tail Qty | O25: Cement Tail Yield | P25: Cement cu. Ft. | Q25: Cement Height | R25: TOC | S25: MASP | T25: Collapse Strength | U25: Collapse Load | V25: Collapse DF | W25: Burst Strength | X25: Burst Load | Y25: Burst DF | Z25: Tension Strength | AA25: Tension DF | AB25: Neutral Point | AC25: Tension Air | AD25: Tension Buoyed | AE25: ID | AF25: As | AG25: pi | AH25: wL | AI25: Fa | AL25: K-55
C26: A | E26: B | F26: C | G26: I | AF26: As3 | AG26: p3 | AH26: wL3 | AL26: L-80
A27: =IF($H$9=2,"Cmt above DVT","") | P27: =$H27*$I27+$J27*$K27+$L27*$M27+$N27*$O27 | Q27: =IF($C27>0,MIN((1/((((($B$35/100)*$B27)+$B27)^2-$C27^2)/183.35))*(P27),$D$34-$D$19)+MAX(($P27-((((($B$35/100)*$B27)+$B27)^2-$C27^2)/183.35)*($D$34-$D$19))*(1/(($AE$19^2-$C27^2)/183.35)),0), 0) | R27: =IF($H$9=2,IF(Q27>D$27,"Surface",D27-Q27),IF((Q27+Q29+Q31)>MAX(D$27:D$31),"Surface",MAX(D$27:D$31)-Q31-Q29-Q27)) | S27: =0.05194806*B34*B33-B36*B34 | T27: =DGET('Casing Strengths'!A$7:P$2700,'Casing Strengths'!D$7,C26:G27) | U27: =0.05194806*(B$33-$B$38)*DxSurvey!H60 | V27: =T27/U27 | W27: =DGET('Casing Strengths'!A$7:P$2700,'Casing Strengths'!E7,C26:G27) | X27: =IF(D27=0,0,IF($B$37=0,MAX((0.05194806*$B$33*DxSurvey!H60),MIN($I$39,$L$39-$B$36*($B$34-DxSurvey!H60))),MAX((0.05194806*($B$33-$B$37)*DxSurvey!H60),MIN(($I$39-(0.05194806*$B$37*DxSurvey!H60)),$L$39-$B$36*($B$34-DxSurvey!H60)-(0.05194806*$B$37*DxSurvey!H60))))) | Y27: =W27/X27 | Z27: =DGET('Casing Strengths'!A$7:P$2700,'Casing Strengths'!J7,C26:G27) | AA27: =IF(B32="Y",Z27/AD27,Z27/AC27) | AB27: =DxSurvey!H60*(1-B33/65.4) | AC27: =(AH27+AH29+AH31)/1000 | AD27: =AI27/1000 | AE27: =DGET('Casing Strengths'!A$7:P$2700,'Casing Strengths'!N$7,C26:G27) | AF27: =PI()/4*(C27^2-AE27^2) | AG27: =0.05194806*B33*DxSurvey!H60 | AH27: =E27*DxSurvey!F60 | AI27: =AH27+AH29+AH31-((AG31-AG29)*AF31+(AG29-AG27)*AF29+AG27*AF27) | AL27: N-80
C28: A | E28: B | F28: C | G28: I | P28: =$J27*$K27+$N27*$O27 | Q28: =IF($C27>0,(1/((((($B$35/100)*$B27)+$B27)^2-$C27^2)/183.35))*(P28), 0) | R28: =IF((Q28+Q30+Q32)>MAX(D$27:D$31),"Surface",MAX(D$27:D$31)-Q32-Q30-Q28) | AF28: As2 | AG28: p2 | AH28: wL2 | AL28: P-110
A29: =IF($H$9=2,"Cmt below DVT","") | P29: =$H29*$I29+$J29*$K29+$L29*$M29+$N29*$O29 | Q29: =IF($C29>0,IF($H$9=2,MIN(D29-D27,MIN((1/((((($B$35/100)*$B29)+$B29)^2-$C29^2)/183.35))*(P29),$D$34-$D$19)+MAX(($P29-((((($B$35/100)*$B29)+$B29)^2-$C29^2)/183.35)*($D$34-$D$19))*(1/(($AE$19^2-$C29^2)/183.35)),0)),MIN((1/((((($B$35/100)*$B29)+$B29)^2-$C29^2)/183.35))*(P29),$D$34-$D$19)+MAX(($P29-((((($B$35/100)*$B29)+$B29)^2-$C29^2)/183.35)*($D$34-$D$19))*(1/(($AE$19^2-$C29^2)/183.35)),0)),0) | T29: =DGET('Casing Strengths'!A$7:P$2700,'Casing Strengths'!D$7,C28:G29) | U29: =0.05194806*(B$33-$B$38)*DxSurvey!H61 | V29: =T29/U29 | W29: =DGET('Casing Strengths'!A$7:P$2700,'Casing Strengths'!E7,C28:G29) | X29: =IF(D29=0,0,IF($B$37=0,MAX((0.05194806*$B$33*DxSurvey!H61),MIN($I$39,$L$39-$B$36*($B$34-DxSurvey!H61))),MAX((0.05194806*($B$33-$B$37)*DxSurvey!H61),MIN(($I$39-(0.05194806*$B$37*DxSurvey!H61)),$L$39-$B$36*($B$34-DxSurvey!H61)-(0.05194806*$B$37*DxSurvey!H61))))) | Y29: =W29/X29 | Z29: =DGET('Casing Strengths'!A$7:P$2700,'Casing Strengths'!J7,C28:G29) | AA29: =IF(B32="Y",Z29/AD29,Z29/AC29) | AB29: =DxSurvey!H61*(1-B33/65.4) | AC29: =(AH29+AH31)/1000 | AD29: =AI29/1000 | AE29: =IF(C29=0,0,DGET('Casing Strengths'!A$7:P$2700,'Casing Strengths'!N$7,C28:G29)) | AF29: =PI()/4*(C29^2-AE29^2) | AG29: =0.05194806*B33*DxSurvey!H61 | AH29: =E29*(DxSurvey!F61-DxSurvey!F60) | AI29: =AH29+AH31-((AG31-AG29)*AF31+AG29*AF29) | AL29: Q-125
C30: A | E30: B | F30: C | G30: I | P30: =$J29*$K29+$N29*$O29 | Q30: =IF($C29>0,(1/((((($B$35/100)*$B29)+$B29)^2-$C29^2)/183.35))*(P30), 0) | AF30: As1 | AG30: p1 | AH30: wL1 | AL30: S-95
P31: =$H31*$I31+$J31*$K31+$L31*$M31+$N31*$O31 | Q31: =IF($C31>0,MIN((1/((((($B$35/100)*$B31)+$B31)^2-$C31^2)/183.35))*(P31),$D$34-$D$19)+MAX(($P31-((((($B$35/100)*$B31)+$B31)^2-$C31^2)/183.35)*($D$34-$D$19))*(1/(($AE$19^2-$C31^2)/183.35)),0), 0) | T31: =DGET('Casing Strengths'!A$7:P$2700,'Casing Strengths'!D$7,C30:G31) | U31: =0.05194806*(B$33-$B$38)*DxSurvey!H62 | V31: =T31/U31 | W31: =DGET('Casing Strengths'!A$7:P$2700,'Casing Strengths'!E7,C30:G31) | X31: =IF(D31=0,0,IF($B$37=0,MAX((0.05194806*$B$33*DxSurvey!H62),MIN($I$39,$L$39-$B$36*($B$34-DxSurvey!H62))),MAX((0.05194806*($B$33-$B$37)*DxSurvey!H62),MIN(($I$39-(0.05194806*$B$37*DxSurvey!H62)),$L$39-$B$36*($B$34-DxSurvey!H62)-(0.05194806*$B$37*DxSurvey!H62))))) | Y31: =W31/X31 | Z31: =DGET('Casing Strengths'!A$7:P$2700,'Casing Strengths'!J7,C30:G31) | AA31: =IF(B32="Y",Z31/AD31,Z31/AC31) | AB31: =DxSurvey!H62*(1-B33/65.4) | AC31: =(AH31)/1000 | AD31: =AI31/1000 | AE31: =IF(C31=0,0,DGET('Casing Strengths'!A$7:P$2700,'Casing Strengths'!N$7,C30:G31)) | AF31: =PI()/4*(C31^2-AE31^2) | AG31: =0.05194806*B33*DxSurvey!H62 | AH31: =E31*(DxSurvey!F62-DxSurvey!F61) | AI31: =AH31-(AG31*AF31) | AL31: T-95
A32: Buoyed | P32: =$J31*$K31+$N31*$O31 | Q32: =IF($C31>0,(1/((((($B$35/100)*$B31)+$B31)^2-$C31^2)/183.35))*(P32), 0) | AL32: V-150
A33: MW | C33: ppg | AL33: X-52
A34: TVD | B34: =IF(AND($E$9="y", E$8="Y"),VLOOKUP(MAX(D27:D38),DxSurvey!$B$16:$H$54,7,FALSE),IF(AND(E$9="y",E$7="y"),MAX(DxSurvey!H$60:H$62),MAX($D$27:D$31))) | C34: ft | D34: =MAX(D27:D31) | E34: MD | AE34: =D27/$D34*AE27+(D29-D27)/$D34*AE29+(D31-D29)/$D34*AE31 | AL34: X-56
A35: Hole Washout | C35: % | AL35: B
A36: Internal Gradient | C36: psi/ft | AL36: SeAH-70
A37: Backup Mud | C37: ppg | AL37: SeAH-90
A38: Internal Mud | C38: ppg | AL38: SB-80
A39: Next Set Depth | B39: =IF(B49>0,B49,IF(B64>0,B64,IF(B79>0,B79,B94))) | C39: Next MW | D39: =IF(D42>0,B48,B63) | E39: Next BHP | F39: =IF(B49>0,D39*B49*0.05194806,IF(B64>0,D39*B64*0.05194806,IF(B79>0,D39*B79*0.05194806,D39*B104*0.05194806))) | G39: Fracture Initiation Pressure | I39: =B$9*B34 | J39: Max anticipated pressure at shoe | L39: =IF(B49>0,F39-(B49-B34)*B51,IF(B64>0,F54-(B64-B34)*B66,B34*B33*0.05194806))
A40: STRING 3 | B40: Hole Size | C40: Csg size | D40: Set Depth | E40: Csg Wt | F40: Csg Grade | G40: Csg Collar | H40: Cement Lead Qty | I40: Cement Lead Yield | J40: Cement Tail Qty | K40: Cement Tail Yield | L40: Cement Lead Qty | M40: Cement Lead Yield | N40: Cement Tail Qty | O40: Cement Tail Yield | P40: Cement cu. Ft. | Q40: Cement Height | R40: TOC | S40: MASP | T40: Collapse Strength | U40: Collapse Load | V40: Collapse DF | W40: Burst Strength | X40: Burst Load | Y40: Burst DF | Z40: Tension Strength | AA40: Tension DF | AB40: Neutral Point | AC40: Tension Air | AD40: Tension Buoyed | AE40: ID | AF40: As | AG40: pi | AH40: wL | AI40: Fa
C41: A | E41: B | F41: C | G41: I | AF41: As3 | AG41: p3 | AH41: wL3
P42: =$H42*$I42+$J42*$K42+$L42*$M42+$N42*$O42 | Q42: =IF($C42>0,MIN((1/((((($B$50/100)*$B42)+$B42)^2-$C42^2)/183.35))*(P42),$D$49-$D$34)+MAX(($P42-((((($B$50/100)*$B42)+$B42)^2-$C42^2)/183.35)*($D$49-$D$34))*(1/(($AE$34^2-$C42^2)/183.35)),0), 0) | R42: =IF((Q42+Q44+Q46)>MAX(D$42:D$46),"Surface",MAX(D$42:D$46)-Q46-Q44-Q42) | S42: =0.05194806*B49*B48-B51*B49 | T42: =DGET('Casing Strengths'!A$7:P$2700,'Casing Strengths'!D$7,C41:G42) | U42: =0.05194806*(B$48-$B$53)*DxSurvey!H63 | V42: =T42/U42 | W42: =DGET('Casing Strengths'!A$7:P$2700,'Casing Strengths'!E7,C41:G42) | X42: =IF(D42=0,0,IF($B$52=0,MAX((0.05194806*$B$48*DxSurvey!H63),MIN($I$54,$L$54-$B$51*($B$49-DxSurvey!H63))),MAX((0.05194806*($B$48-$B$52)*DxSurvey!H63),MIN(($I$54-(0.05194806*$B$52*DxSurvey!H63)),$L$54-$B$51*($B$49-DxSurvey!H63)-(0.05194806*$B$52*DxSurvey!H63))))) | Y42: =W42/X42 | Z42: =DGET('Casing Strengths'!A$7:P$2700,'Casing Strengths'!J7,C41:G42) | AA42: =IF(B47="Y",Z42/AD42,Z42/AC42) | AB42: =DxSurvey!H63*(1-B48/65.4) | AC42: =(AH42+AH44+AH46)/1000 | AD42: =AI42/1000 | AE42: =DGET('Casing Strengths'!A$7:P$2700,'Casing Strengths'!N$7,C41:G42) | AF42: =PI()/4*(C42^2-AE42^2) | AG42: =0.05194806*B48*DxSurvey!H63 | AH42: =E42*DxSurvey!F63 | AI42: =AH42+AH44+AH46-((AG46-AG44)*AF46+(AG44-AG42)*AF44+AG42*AF42)
C43: A | E43: B | F43: C | G43: I | P43: =$J42*$K42+$N42*$O42 | Q43: =IF($C42>0,(1/((((($B$50/100)*$B42)+$B42)^2-$C42^2)/183.35))*(P43), 0) | R43: =IF((Q43+Q45+Q47)>MAX(D$42:D$46),"Surface",MAX(D$42:D$46)-Q47-Q45-Q43) | AF43: As2 | AG43: p2 | AH43: wL2
P44: =$H44*$I44+$J44*$K44+$L44*$M44+$N44*$O44 | Q44: =IF($C44>0,MIN((1/((((($B$50/100)*$B44)+$B44)^2-$C44^2)/183.35))*(P44),$D$49-$D$34)+MAX(($P44-((((($B$50/100)*$B44)+$B44)^2-$C44^2)/183.35)*($D$49-$D$34))*(1/(($AE$34^2-$C44^2)/183.35)),0), 0) | T44: =DGET('Casing Strengths'!A$7:P$2700,'Casing Strengths'!D$7,C43:G44) | U44: =0.05194806*(B$48-$B$53)*DxSurvey!H64 | V44: =T44/U44 | W44: =DGET('Casing Strengths'!A$7:P$2700,'Casing Strengths'!E7,C43:G44) | X44: =IF(D44=0,0,IF($B$52=0,MAX((0.05194806*$B$48*DxSurvey!H64),MIN($I$54,$L$54-$B$51*($B$49-DxSurvey!H64))),MAX((0.05194806*($B$48-$B$52)*DxSurvey!H64),MIN(($I$54-(0.05194806*$B$52*DxSurvey!H64)),$L$54-$B$51*($B$49-DxSurvey!H64)-(0.05194806*$B$52*DxSurvey!H64))))) | Y44: =W44/X44 | Z44: =DGET('Casing Strengths'!A$7:P$2700,'Casing Strengths'!J7,C43:G44) | AA44: =IF(B47="Y",Z44/AD44,Z44/AC44) | AB44: =DxSurvey!H64*(1-B48/65.4) | AC44: =(AH44+AH46)/1000 | AD44: =AI44/1000 | AE44: =IF(C44=0,0,DGET('Casing Strengths'!A$7:P$2700,'Casing Strengths'!N$7,C43:G44)) | AF44: =PI()/4*(C44^2-AE44^2) | AG44: =0.05194806*B48*DxSurvey!H64 | AH44: =E44*(DxSurvey!F64-DxSurvey!F63) | AI44: =AH44+AH46-((AG46-AG44)*AF46+AG44*AF44)
C45: A | E45: B | F45: C | G45: I | P45: =$J44*$K44+$N44*$O44 | Q45: =IF($C44>0,(1/((((($B$50/100)*$B44)+$B44)^2-$C44^2)/183.35))*(P45), 0) | AF45: As1 | AG45: p1 | AH45: wL1
P46: =$H46*$I46+$J46*$K46+$L46*$M46+$N46*$O46 | Q46: =IF($C46>0,MIN((1/((((($B$50/100)*$B46)+$B46)^2-$C46^2)/183.35))*(P46),$D$49-$D$34)+MAX(($P46-((((($B$50/100)*$B46)+$B46)^2-$C46^2)/183.35)*($D$49-$D$34))*(1/(($AE$34^2-$C46^2)/183.35)),0), 0) | T46: =DGET('Casing Strengths'!A$7:P$2700,'Casing Strengths'!D$7,C45:G46) | U46: =0.05194806*(B$48-$B$53)*DxSurvey!H65 | V46: =T46/U46 | W46: =DGET('Casing Strengths'!A$7:P$2700,'Casing Strengths'!E7,C45:G46) | X46: =IF(D46=0,0,IF($B$52=0,MAX((0.05194806*$B$48*DxSurvey!H65),MIN($I$54,$L$54-$B$51*($B$49-DxSurvey!H65))),MAX((0.05194806*($B$48-$B$52)*DxSurvey!H65),MIN(($I$54-(0.05194806*$B$52*DxSurvey!H65)),$L$54-$B$51*($B$49-DxSurvey!H65)-(0.05194806*$B$52*DxSurvey!H65))))) | Y46: =W46/X46 | Z46: =DGET('Casing Strengths'!A$7:P$2700,'Casing Strengths'!J7,C45:G46) | AA46: =IF(B47="Y",Z46/AD46,Z46/AC46) | AB46: =DxSurvey!H65*(1-B48/65.4) | AC46: =(AH46)/1000 | AD46: =AI46/1000 | AE46: =IF(C46=0,0,DGET('Casing Strengths'!A$7:P$2700,'Casing Strengths'!N$7,C45:G46)) | AF46: =PI()/4*(C46^2-AE46^2) | AG46: =0.05194806*B48*DxSurvey!H65 | AH46: =E46*(DxSurvey!F65-DxSurvey!F64) | AI46: =AH46-(AG46*AF46) | AK46: neutral pt
A47: Buoyed | P47: =$J46*$K46+$N46*$O46 | Q47: =IF($C46>0,(1/((((($B$50/100)*$B46)+$B46)^2-$C46^2)/183.35))*(P47), 0) | AI47: =AI42+AI44+AI46 | AJ47: =DxSurvey!H63*'Casing Review'!E42 | AK47: =IF(AI47-AJ47>0,(AI47-AJ47)/E44+DxSurvey!H63) | AL47: TVD
A48: MW | C48: ppg | AJ48: =DxSurvey!H64*'Casing Review'!E44
A49: TVD | B49: =IF(AND($E$9="y", E$8="Y"),VLOOKUP(MAX(D42:D53),DxSurvey!$B$16:$H$54,7,FALSE),IF(AND(E$9="y",E$7="y"),MAX(DxSurvey!H$63:H$65),MAX($D$42:D$46))) | C49: ft | D49: =MAX(D42:D46) | E49: MD | AE49: =IF(B42=0,0,D42/$D49*AE42+(D44-D42)/$D49*AE44+(D46-D44)/$D49*AE46)
A50: Hole Washout | C50: %
A51: Internal Gradient | C51: psi/ft
A52: Backup Mud | C52: ppg
A53: Internal Mud | C53: ppg
A54: Next Set Depth | B54: =IF(B64>0,B64,IF(B79>0,B79,IF(B94>0,B94,B99))) | C54: Next MW | D54: =IF(D57>0,B63,B84) | E54: Next BHP | F54: =IF(B64>0,D54*B64*0.05194806,IF(B79>0,D54*B79*0.05194806,IF(B104>0,D54*B104*0.05194806,D54*B119*0.05194806))) | G54: Fracture Initiation Pressure | I54: =B$9*B49 | J54: Max anticipated pressure at shoe | L54: =IF(B64>0,F54-(B64-B49)*B66,B49*B48*0.05194806)
A55: STRING 4 | B55: Hole Size | C55: Csg size | D55: Set Depth | E55: Csg Wt | F55: Csg Grade | G55: Csg Collar | H55: Cement Lead Qty | I55: Cement Lead Yield | J55: Cement Tail Qty | K55: Cement Tail Yield | L55: Cement Lead Qty | M55: Cement Lead Yield | N55: Cement Tail Qty | O55: Cement Tail Yield | P55: Cement cu. Ft. | Q55: Cement Height | R55: TOC | S55: MASP | T55: Collapse Strength | U55: Collapse Load | V55: Collapse DF | W55: Burst Strength | X55: Burst Load | Y55: Burst DF | Z55: Tension Strength | AA55: Tension DF | AB55: Neutral Point | AC55: Tension Air | AD55: Tension Buoyed | AE55: ID | AF55: As | AG55: pi | AH55: wL | AI55: Fa
C56: A | E56: B | F56: C | G56: I | AF56: As3 | AG56: p3 | AH56: wL3
P57: =$H57*$I57+$J57*$K57+$L57*$M57+$N57*$O57 | Q57: =IF($C57>0,MIN((1/((((($B$65/100)*$B57)+$B57)^2-$C57^2)/183.35))*(P57),$D$64-MAX($D$49,$D$34))+MAX(($P57-((((($B$65/100)*$B57)+$B57)^2-$C57^2)/183.35)*($D$64-MAX($D$49,$D$34)))*(1/(((IF(MIN($AE$49,$AE$34)=0,MAX($AE$49,$AE$34),MIN($AE$49,$AE$34)))^2-$C57^2)/183.35)),0), 0) | R57: =IF((Q57+Q59+Q61)>(MAX(D$57:D$61)-$B$69),"TOL",MAX(D$57:D$61)-Q61-Q59-Q57) | S57: =0.05194806*B64*B63-B66*B64 | T57: =DGET('Casing Strengths'!A$7:'Casing Strengths'!P$2700,'Casing Strengths'!D$7,C56:G57) | U57: =0.05194806*(B$63-$B$68)*DxSurvey!H66 | V57: =T57/U57 | W57: =DGET('Casing Strengths'!A$7:P$2700,'Casing Strengths'!E7,C56:G57) | X57: =IF(D57=0,0,IF($B$67=0,MAX((0.05194806*$B$63*DxSurvey!H66),MIN($I$69,$L$69-$B$66*($B$64-DxSurvey!H66))),MAX((0.05194806*($B$63-$B$67)*DxSurvey!H66),MIN(($I$69-(0.05194806*$B$67*DxSurvey!H66)),$L$69-$B$66*($B$64-DxSurvey!H66)-(0.05194806*$B$67*DxSurvey!H66))))) | Y57: =W57/X57 | Z57: =DGET('Casing Strengths'!A$7:P$2700,'Casing Strengths'!J7,C56:G57) | AA57: =IF(B62="Y",Z57/AD57,Z57/AC57) | AB57: =(DxSurvey!H66-DxSurvey!$H$69)*(1-$B$63/65.4)+$B$69 | AC57: =(AH57+AH59+AH61)/1000 | AD57: =AI57/1000 | AE57: =DGET('Casing Strengths'!A$7:P$2700,'Casing Strengths'!N$7,C56:G57) | AF57: =PI()/4*(C57^2-AE57^2) | AG57: =0.05194806*B63*(DxSurvey!H66-DxSurvey!H69) | AH57: =E57*(DxSurvey!F66-DxSurvey!F69) | AI57: =AH57+AH59+AH61-((AG61-AG59)*AF61+(AG59-AG57)*AF59+AG57*AF57)
C58: A | E58: B | F58: C | G58: I | P58: =$J57*$K57+$N57*$O57 | Q58: =IF($C57>0,(1/((((($B$65/100)*$B57)+$B57)^2-$C57^2)/183.35))*(P58), 0) | R58: =IF((Q58+Q60+Q62)>(MAX(D$57:D$61)-$B$69),"TOL",MAX(D$57:D$61)-Q62-Q60-Q58) | AF58: As2 | AG58: p2 | AH58: wL2
P59: =$H59*$I59+$J59*$K59+$L59*$M59+$N59*$O59 | Q59: =IF($C59>0,MIN((1/((((($B$65/100)*$B59)+$B59)^2-$C59^2)/183.35))*(P59),$D$64-MAX($D$49,$D$34))+MAX(($P59-((((($B$65/100)*$B59)+$B59)^2-$C59^2)/183.35)*($D$64-MAX($D$49,$D$34)))*(1/(((IF(MIN($AE$49,$AE$34)=0,MAX($AE$49,$AE$34),MIN($AE$49,$AE$34)))^2-$C59^2)/183.35)),0), 0) | T59: =DGET('Casing Strengths'!A$7:P$2700,'Casing Strengths'!D$7,C58:G59) | U59: =0.05194806*(B$63-$B$68)*DxSurvey!H67 | V59: =T59/U59 | W59: =DGET('Casing Strengths'!A$7:P$2700,'Casing Strengths'!E7,C58:G59) | X59: =IF(D59=0,0,IF($B$67=0,MAX((0.05194806*$B$63*DxSurvey!H67),MIN($I$69,$L$69-$B$66*($B$64-DxSurvey!H67))),MAX((0.05194806*($B$63-$B$67)*DxSurvey!H67),MIN(($I$69-(0.05194806*$B$67*DxSurvey!H67)),$L$69-$B$66*($B$64-DxSurvey!H67)-(0.05194806*$B$67*DxSurvey!H67))))) | Y59: =W59/X59 | Z59: =DGET('Casing Strengths'!A$7:P$2700,'Casing Strengths'!J7,C58:G59) | AA59: =IF(B62="Y",Z59/AD59,Z59/AC59) | AB59: =IF(D59=0,0,(DxSurvey!H67-DxSurvey!$H$69)*(1-$B$63/65.4)+$B$69) | AC59: =(AH59+AH61)/1000 | AD59: =AI59/1000 | AE59: =IF(C59=0,0,DGET('Casing Strengths'!A$7:P$2700,'Casing Strengths'!N$7,C58:G59)) | AF59: =PI()/4*(C59^2-AE59^2) | AG59: =0.05194806*B63*DxSurvey!H67 | AH59: =E59*(DxSurvey!F67-DxSurvey!F66) | AI59: =AH59+AH61-((AG61-AG59)*AF61+AG59*AF59)
C60: A | E60: B | F60: C | G60: I | P60: =$J59*$K59+$N59*$O59 | Q60: =IF($C59>0,(1/((((($B$65/100)*$B59)+$B59)^2-$C59^2)/183.35))*(P60), 0) | AF60: As1 | AG60: p1 | AH60: wL1
P61: =$H61*$I61+$J61*$K61+$L61*$M61+$N61*$O61 | Q61: =IF($C61>0,MIN((1/((((($B$65/100)*$B61)+$B61)^2-$C61^2)/183.35))*(P61),$D$64-MAX($D$49,$D$34))+MAX(($P61-((((($B$65/100)*$B61)+$B61)^2-$C61^2)/183.35)*($D$64-MAX($D$49,$D$34)))*(1/(((IF(MIN($AE$49,$AE$34)=0,MAX($AE$49,$AE$34),MIN($AE$49,$AE$34)))^2-$C61^2)/183.35)),0), 0) | T61: =DGET('Casing Strengths'!A$7:P$2700,'Casing Strengths'!D$7,C60:G61) | U61: =0.05194806*(B$63-$B$68)*DxSurvey!H68 | V61: =T61/U61 | W61: =DGET('Casing Strengths'!A$7:P$2700,'Casing Strengths'!E7,C60:G61) | X61: =IF(D61=0,0,IF($B$67=0,MAX((0.05194806*$B$63*DxSurvey!H68),MIN($I$69,$L$69-$B$66*($B$64-DxSurvey!H68))),MAX((0.05194806*($B$63-$B$67)*DxSurvey!H68),MIN(($I$69-(0.05194806*$B$67*DxSurvey!H68)),$L$69-$B$66*($B$64-DxSurvey!H68)-(0.05194806*$B$67*DxSurvey!H68))))) | Y61: =W61/X61 | Z61: =DGET('Casing Strengths'!A$7:P$2700,'Casing Strengths'!J7,C60:G61) | AA61: =IF(B62="Y",Z61/AD61,Z61/AC61) | AB61: =IF(D61=0,0,(DxSurvey!H68-DxSurvey!$H$69)*(1-$B$63/65.4)+$B$69) | AC61: =(AH61)/1000 | AD61: =AI61/1000 | AE61: =IF(C61=0,0,DGET('Casing Strengths'!A$7:P$2700,'Casing Strengths'!N$7,C60:G61)) | AF61: =PI()/4*(C61^2-AE61^2) | AG61: =0.05194806*B63*DxSurvey!H80 | AH61: =E61*(DxSurvey!F68-DxSurvey!F67) | AI61: =AH61-(AG61*AF61)
A62: Buoyed | P62: =$J61*$K61+$N61*$O61 | Q62: =IF($C61>0,(1/((((($B$65/100)*$B61)+$B61)^2-$C61^2)/183.35))*(P62), 0)
A63: MW | C63: ppg
A64: TVD | B64: =IF(AND($E$9="y", E$8="Y"),VLOOKUP(MAX(D57:D68),DxSurvey!$B$16:$H$54,7,FALSE),IF(AND(E$9="y",E$7="y"),MAX(DxSurvey!H$66:H$68),MAX($D$57:D$61))) | C64: ft | D64: =MAX(D57:D61) | E64: MD
A65: Hole Washout | C65: %
A66: Internal Gradient | C66: psi/ft
A67: Backup Mud | C67: ppg
A68: Internal Mud | C68: ppg
A69: TOL | B69: 7896 | C69: ft MD | D69: =DxSurvey!H69 | E69: ft TVD | F69: =D64-B69 | G69: Fracture Initiation Pressure | I69: =B$9*B64 | J69: Max anticipated pressure at shoe | L69: =B64*B63*0.05194806

Sheet Formations
A2: Cell | B2: Formation | C2: Depth (MD)
A3: =J3 | B3: Uinta | C3: 0 | H3: =VLOOKUP(A3,A$3:C$25,2) | J3: =INT(C3/MAX('Casing Review'!$D$19,'Casing Review'!$D$34,'Casing Review'!$D$49,'Casing Review'!$D$64)*37)
A4: =IF(C4=0,"",IF(J4=J5,J4-1,J4)) | B4: Green River | C4: 3135 | H4: =VLOOKUP(A4,A$3:C$25,2) | J4: =INT(C4/MAX('Casing Review'!$D$19,'Casing Review'!$D$34,'Casing Review'!$D$49,'Casing Review'!$D$64)*37)
A5: =IF(C5=0,"",IF(J5=J6,J5-1,J5)) | B5: Garden Gulch | C5: 5854 | H5: =VLOOKUP(A5,A$3:C$25,2) | J5: =INT(C5/MAX('Casing Review'!$D$19,'Casing Review'!$D$34,'Casing Review'!$D$49,'Casing Review'!$D$64)*37)
A6: =IF(C6=0,"",IF(J6=J7,J6-1,J6)) | B6: Uteland Butte | C6: 8238 | H6: =VLOOKUP(A6,A$3:C$25,2) | J6: =INT(C6/MAX('Casing Review'!$D$19,'Casing Review'!$D$34,'Casing Review'!$D$49,'Casing Review'!$D$64)*37)
A7: =IF(C7=0,"",IF(J7=J8,J7-1,J7)) | H7: =VLOOKUP(A7,A$3:C$25,2) | J7: =INT(C7/MAX('Casing Review'!$D$19,'Casing Review'!$D$34,'Casing Review'!$D$49,'Casing Review'!$D$64)*37)
A8: =IF(C8=0,"",IF(J8=J9,J8-1,J8)) | H8: =VLOOKUP(A8,A$3:C$25,2) | J8: =INT(C8/MAX('Casing Review'!$D$19,'Casing Review'!$D$34,'Casing Review'!$D$49,'Casing Review'!$D$64)*37)
A9: =IF(C9=0,"",IF(J9=J10,J9-1,J9)) | H9: =VLOOKUP(A9,A$3:C$25,2) | J9: =INT(C9/MAX('Casing Review'!$D$19,'Casing Review'!$D$34,'Casing Review'!$D$49,'Casing Review'!$D$64)*37)
A10: =IF(C10=0,"",IF(J10=J11,J10-1,J10)) | H10: =VLOOKUP(A10,A$3:C$25,2) | J10: =INT(C10/MAX('Casing Review'!$D$19,'Casing Review'!$D$34,'Casing Review'!$D$49,'Casing Review'!$D$64)*37)
A11: =IF(C11=0,"",IF(J11=J12,J11-1,J11)) | H11: =VLOOKUP(A11,A$3:C$25,2) | J11: =INT(C11/MAX('Casing Review'!$D$19,'Casing Review'!$D$34,'Casing Review'!$D$49,'Casing Review'!$D$64)*37)
A12: =IF(C12=0,"",IF(J12=J13,J12-1,J12)) | H12: =VLOOKUP(A12,A$3:C$25,2) | J12: =INT(C12/MAX('Casing Review'!$D$19,'Casing Review'!$D$34,'Casing Review'!$D$49,'Casing Review'!$D$64)*37)
A13: =IF(C13=0,"",IF(J13=J14,J13-1,J13)) | H13: =VLOOKUP(A13,A$3:C$25,2) | J13: =INT(C13/MAX('Casing Review'!$D$19,'Casing Review'!$D$34,'Casing Review'!$D$49,'Casing Review'!$D$64)*37)
A14: =IF(C14=0,"",IF(J14=J15,J14-1,J14)) | H14: =VLOOKUP(A14,A$3:C$25,2) | J14: =INT(C14/MAX('Casing Review'!$D$19,'Casing Review'!$D$34,'Casing Review'!$D$49,'Casing Review'!$D$64)*37)
A15: =IF(C15=0,"",IF(J15=J16,J15-1,J15)) | H15: =VLOOKUP(A15,A$3:C$25,2) | J15: =INT(C15/MAX('Casing Review'!$D$19,'Casing Review'!$D$34,'Casing Review'!$D$49,'Casing Review'!$D$64)*37)
A16: =IF(C16=0,"",IF(J16=J17,J16-1,J16)) | H16: =VLOOKUP(A16,A$3:C$25,2) | J16: =INT(C16/MAX('Casing Review'!$D$19,'Casing Review'!$D$34,'Casing Review'!$D$49,'Casing Review'!$D$64)*37)
A17: =IF(C17=0,"",IF(J17=J18,J17-1,J17)) | H17: =VLOOKUP(A17,A$3:C$25,2) | J17: =INT(C17/MAX('Casing Review'!$D$19,'Casing Review'!$D$34,'Casing Review'!$D$49,'Casing Review'!$D$64)*37)
A18: =IF(C18=0,"",IF(J18=J19,J18-1,J18)) | H18: =VLOOKUP(A18,A$3:C$25,2) | J18: =INT(C18/MAX('Casing Review'!$D$19,'Casing Review'!$D$34,'Casing Review'!$D$49,'Casing Review'!$D$64)*37)

Sheet DxSurvey
B2: DIRECTIONAL SURVEY CALCULATION
B3: MINIMUM RADIUS OF CURVATURE METHOD
B5: ='Casing Review'!B4 | F5: ='Casing Review'!B5 | I5: ='Casing Review'!B6
D7: N(+)/S(-) | E7: E(+)/W(-) | G7: DxSurvey North Ref | H7: G | I7: (T, M, G) | T7: NS SL ' | U7: =#REF! | V7: =#REF! | W7: EW SL '
A8: K.O. Point | C8: 115.87 | D8: =IF('Casing Review'!$E$9="n", 0,LOOKUP($C8,B$16:B$42,I$16:I$42)) | E8: =IF('Casing Review'!$E$9="n", 0,LOOKUP($C8,B$16:B$42,J$16:J$42)) | G8: Magnetic Declination | I8: (ddd.dd)
A9: Prod. Interval | C9: 8695 | D9: =IF('Casing Review'!$E$9="n", 0,LOOKUP($C9,B$16:B$42,I$16:I$42)) | E9: =IF('Casing Review'!$E$9="n", 0,LOOKUP($C9,B$16:B$42,J$16:J$42)) | G9: Convergence Angle | H9: 0.92 | I9: (ddd.dd) | J9: (Need to determine if survey plats use True or Grid North) | U9: NORTH | V9: EAST
A10: Total Depth | C10: =B44 | D10: =IF('Casing Review'!$E$9="n", 0,LOOKUP($C10,B$16:B$42,I$16:I$42)) | E10: =IF('Casing Review'!$E$9="n", 0,LOOKUP($C10,B$16:B$42,J$16:J$42)) | F10: Proposed Azimuth | H10: 170.89 | U10: SOUTH | V10: WEST
B12: MD | C12: Inclination | D12: Azimuth | E12: Bearing | F12: DOGLEG | G12: F | H12: TVD | I12: N(+)/S(-) | J12: E(+)/W(-) | K12: BH | L12: B-hole | M12: VERT | N12: DOGLEG | O12: TRUE | P12: DELTA N | Q12: DELTA E | R12: Course Lgth | S12: Course Dir | T12: CHART | U12: CHART | V12: CHART | W12: CHART | X12: dx from
F13: ANGLE | I13: Departure | J13: Departure | K13: DEPART | L13: DIR | M13: Section | N13: Severity | O13: DIR | R13: Horz Plane | S13: Horz Plane | T13: VS | U13: TVD | V13: =IF(B47>0,1,2) | W13: =IF(D47>0,1,2) | X13: lease
B14: feet | C14: degrees | D14: degrees | E14: degrees | F14: degrees | G14: factor | H14: feet | I14: feet | J14: feet | K14: feet | L14: degrees | M14: feet | N14: deg/100 ft | O14: degrees | P14: feet | Q14: feet | R14: feet | S14: degrees | T14: feet | U14: feet | V14: feet | W14: feet | X14: line
V15: =MAX(B47:C47) | W15: =MAX(D47:E47)
B16: 0 | C16: 0 | D16: 104 | E16: =IF($H$7="M",D16+$H$8-$H$9,IF( AND($H$7="T",$A$45="g"),D16-$H$9,IF(AND($H$7="g",$A$45="t"),D16+$H$9,D16))) | F16: =IF(C16=C15,0,ACOS(COS(C15*PI()/180)*COS(C16*PI()/180)+(SIN(C15*PI()/180)*SIN(C16*PI()/180))*COS((E16-E15)*PI()/180))*180/PI()) | G16: =IF(F16=0,1,(2/F16)*(180/PI())*TAN(F16*PI()/180/2)) | H16: =H15+(G16*((B16-B15)/2*(COS(C15*PI()/180)+COS(C16*PI()/180)))) | I16: =I15+G16*((B16-B15)/2)*(SIN(C15*PI()/180)*COS(E15*PI()/180)+SIN(C16*PI()/180)*COS(E16*PI()/180)) | J16: =J15+G16*((B16-B15)/2)*(SIN(C15*PI()/180)*SIN(E15*PI()/180)+SIN(C16*PI()/180)*SIN(E16*PI()/180)) | K16: =SQRT(I16^2+J16^2) | L16: =IF(AND(I16=0,J16=0),0,(IF(AND(I16>=0,J16>=0),ATAN(J16/I16)*(180/PI()),IF(AND(I16<0,J16>=0),ATAN(J16/I16)*(180/PI())+180,IF(AND(I16<0,J16<0),ATAN(J16/I16)*(180/PI())+180,ATAN(J16/I16)*(180/PI())+360))))) | M16: =ABS(SQRT(I16^2+J16^2)*(COS(RADIANS(($H$10-IF(I16=0,0,DEGREES(ATAN(J16/I16)))))))) | N16: =IF(B16=B15,0,F16*100/(B16-B15)) | O16: =E16+$F$7 | P16: =G16*((B16-B15)/2)*(SIN(C15*PI()/180)*COS(E15*PI()/180)+SIN(C16*PI()/180)*COS(E16*PI()/180)) | Q16: =G16*((B16-B15)/2)*(SIN(C15*PI()/180)*SIN(E15*PI()/180)+SIN(C16*PI()/180)*SIN(E16*PI()/180)) | R16: =SQRT(P16^2+Q16^2) | S16: =IF(AND(P16=0,Q16=0),0,IF(AND(P16>=0,Q16>=0),ATAN(Q16/P16)*(180/PI()),IF(AND(P16<0,Q16>=0),ATAN(Q16/P16)*(180/PI())+180,IF(AND(P16<0,Q16<0),ATAN(Q16/P16)*(180/PI())+180,ATAN(Q16/P16)*(180/PI())+360)))) | T16: =M16 | U16: =(-H16) | V16: =IF($V$13=1,V$15-I16,V$15+I16) | W16: =IF($W$13=1,W$15-J16,W$15+J16) | X16: =SQRT((W16-$S$186)^2+(V16-$S$186)^2)
A17: ='Casing Review'!D12 | B17: 115.87 | C17: 0 | D17: 104 | E17: =IF($H$7="M",D17+$H$8-$H$9,IF( AND($H$7="T",$A$45="g"),D17-$H$9,IF(AND($H$7="g",$A$45="t"),D17+$H$9,D17))) | F17: =IF(C17=C16,0,ACOS(COS(C16*PI()/180)*COS(C17*PI()/180)+(SIN(C16*PI()/180)*SIN(C17*PI()/180))*COS((E17-E16)*PI()/180))*180/PI()) | G17: =IF(F17=0,1,(2/F17)*(180/PI())*TAN(F17*PI()/180/2)) | H17: =H16+(G17*((B17-B16)/2*(COS(C16*PI()/180)+COS(C17*PI()/180)))) | I17: =I16+G17*((B17-B16)/2)*(SIN(C16*PI()/180)*COS(E16*PI()/180)+SIN(C17*PI()/180)*COS(E17*PI()/180)) | J17: =J16+G17*((B17-B16)/2)*(SIN(C16*PI()/180)*SIN(E16*PI()/180)+SIN(C17*PI()/180)*SIN(E17*PI()/180)) | K17: =SQRT(I17^2+J17^2) | L17: =IF(AND(I17=0,J17=0),0,(IF(AND(I17>=0,J17>=0),ATAN(J17/I17)*(180/PI()),IF(AND(I17<0,J17>=0),ATAN(J17/I17)*(180/PI())+180,IF(AND(I17<0,J17<0),ATAN(J17/I17)*(180/PI())+180,ATAN(J17/I17)*(180/PI())+360))))) | M17: =ABS(SQRT(I17^2+J17^2)*(COS(RADIANS(($H$10-IF(I17=0,0,DEGREES(ATAN(J17/I17)))))))) | N17: =IF(B17=B16,0,F17*100/(B17-B16)) | O17: =E17+$F$7 | P17: =G17*((B17-B16)/2)*(SIN(C16*PI()/180)*COS(E16*PI()/180)+SIN(C17*PI()/180)*COS(E17*PI()/180)) | Q17: =G17*((B17-B16)/2)*(SIN(C16*PI()/180)*SIN(E16*PI()/180)+SIN(C17*PI()/180)*SIN(E17*PI()/180)) | R17: =SQRT(P17^2+Q17^2) | S17: =IF(AND(P17=0,Q17=0),0,IF(AND(P17>=0,Q17>=0),ATAN(Q17/P17)*(180/PI()),IF(AND(P17<0,Q17>=0),ATAN(Q17/P17)*(180/PI())+180,IF(AND(P17<0,Q17<0),ATAN(Q17/P17)*(180/PI())+180,ATAN(Q17/P17)*(180/PI())+360)))) | T17: =M17 | U17: =(-H17) | V17: =IF($V$13=1,V$15-I17,V$15+I17) | W17: =IF($W$13=1,W$15-J17,W$15+J17) | X17: =SQRT((W17-$S$186)^2+(V17-$S$186)^2)
A18: ='Casing Review'!D14 | B18: 500.49 | C18: 5 | D18: 104 | E18: =IF($H$7="M",D18+$H$8-$H$9,IF( AND($H$7="T",$A$45="g"),D18-$H$9,IF(AND($H$7="g",$A$45="t"),D18+$H$9,D18))) | F18: =IF(C18=C17,0,ACOS(COS(C17*PI()/180)*COS(C18*PI()/180)+(SIN(C17*PI()/180)*SIN(C18*PI()/180))*COS((E18-E17)*PI()/180))*180/PI()) | G18: =IF(F18=0,1,(2/F18)*(180/PI())*TAN(F18*PI()/180/2)) | H18: =H17+(G18*((B18-B17)/2*(COS(C17*PI()/180)+COS(C18*PI()/180)))) | I18: =I17+G18*((B18-B17)/2)*(SIN(C17*PI()/180)*COS(E17*PI()/180)+SIN(C18*PI()/180)*COS(E18*PI()/180)) | J18: =J17+G18*((B18-B17)/2)*(SIN(C17*PI()/180)*SIN(E17*PI()/180)+SIN(C18*PI()/180)*SIN(E18*PI()/180)) | K18: =SQRT(I18^2+J18^2) | L18: =IF(AND(I18=0,J18=0),0,(IF(AND(I18>=0,J18>=0),ATAN(J18/I18)*(180/PI()),IF(AND(I18<0,J18>=0),ATAN(J18/I18)*(180/PI())+180,IF(AND(I18<0,J18<0),ATAN(J18/I18)*(180/PI())+180,ATAN(J18/I18)*(180/PI())+360))))) | M18: =ABS(SQRT(I18^2+J18^2)*(COS(RADIANS(($H$10-IF(I18=0,0,DEGREES(ATAN(J18/I18)))))))) | N18: =IF(B18=B17,0,F18*100/(B18-B17)) | O18: =E18+$F$7 | P18: =G18*((B18-B17)/2)*(SIN(C17*PI()/180)*COS(E17*PI()/180)+SIN(C18*PI()/180)*COS(E18*PI()/180)) | Q18: =G18*((B18-B17)/2)*(SIN(C17*PI()/180)*SIN(E17*PI()/180)+SIN(C18*PI()/180)*SIN(E18*PI()/180)) | R18: =SQRT(P18^2+Q18^2) | S18: =IF(AND(P18=0,Q18=0),0,IF(AND(P18>=0,Q18>=0),ATAN(Q18/P18)*(180/PI()),IF(AND(P18<0,Q18>=0),ATAN(Q18/P18)*(180/PI())+180,IF(AND(P18<0,Q18<0),ATAN(Q18/P18)*(180/PI())+180,ATAN(Q18/P18)*(180/PI())+360)))) | T18: =M18 | U18: =(-H18) | V18: =IF($V$13=1,V$15-I18,V$15+I18) | W18: =IF($W$13=1,W$15-J18,W$15+J18) | X18: =SQRT((W18-$S$186)^2+(V18-$S$186)^2)
A19: ='Casing Review'!D16 | B19: 1900 | C19: 5 | D19: 104 | E19: =IF($H$7="M",D19+$H$8-$H$9,IF( AND($H$7="T",$A$45="g"),D19-$H$9,IF(AND($H$7="g",$A$45="t"),D19+$H$9,D19))) | F19: =IF(C19=C18,0,ACOS(COS(C18*PI()/180)*COS(C19*PI()/180)+(SIN(C18*PI()/180)*SIN(C19*PI()/180))*COS((E19-E18)*PI()/180))*180/PI()) | G19: =IF(F19=0,1,(2/F19)*(180/PI())*TAN(F19*PI()/180/2)) | H19: =H18+(G19*((B19-B18)/2*(COS(C18*PI()/180)+COS(C19*PI()/180)))) | I19: =I18+G19*((B19-B18)/2)*(SIN(C18*PI()/180)*COS(E18*PI()/180)+SIN(C19*PI()/180)*COS(E19*PI()/180)) | J19: =J18+G19*((B19-B18)/2)*(SIN(C18*PI()/180)*SIN(E18*PI()/180)+SIN(C19*PI()/180)*SIN(E19*PI()/180)) | K19: =SQRT(I19^2+J19^2) | L19: =IF(AND(I19=0,J19=0),0,(IF(AND(I19>=0,J19>=0),ATAN(J19/I19)*(180/PI()),IF(AND(I19<0,J19>=0),ATAN(J19/I19)*(180/PI())+180,IF(AND(I19<0,J19<0),ATAN(J19/I19)*(180/PI())+180,ATAN(J19/I19)*(180/PI())+360))))) | M19: =ABS(SQRT(I19^2+J19^2)*(COS(RADIANS(($H$10-IF(I19=0,0,DEGREES(ATAN(J19/I19)))))))) | N19: =IF(B19=B18,0,F19*100/(B19-B18)) | O19: =E19+$F$7 | P19: =G19*((B19-B18)/2)*(SIN(C18*PI()/180)*COS(E18*PI()/180)+SIN(C19*PI()/180)*COS(E19*PI()/180)) | Q19: =G19*((B19-B18)/2)*(SIN(C18*PI()/180)*SIN(E18*PI()/180)+SIN(C19*PI()/180)*SIN(E19*PI()/180)) | R19: =SQRT(P19^2+Q19^2) | S19: =IF(AND(P19=0,Q19=0),0,IF(AND(P19>=0,Q19>=0),ATAN(Q19/P19)*(180/PI()),IF(AND(P19<0,Q19>=0),ATAN(Q19/P19)*(180/PI())+180,IF(AND(P19<0,Q19<0),ATAN(Q19/P19)*(180/PI())+180,ATAN(Q19/P19)*(180/PI())+360)))) | T19: =M19 | U19: =(-H19) | V19: =IF($V$13=1,V$15-I19,V$15+I19) | W19: =IF($W$13=1,W$15-J19,W$15+J19) | X19: =SQRT((W19-$S$186)^2+(V19-$S$186)^2)
A20: ='Casing Review'!D27 | B20: 2006.22 | C20: 5 | D20: 104 | E20: =IF($H$7="M",D20+$H$8-$H$9,IF( AND($H$7="T",$A$45="g"),D20-$H$9,IF(AND($H$7="g",$A$45="t"),D20+$H$9,D20))) | F20: =IF(C20=C19,0,ACOS(COS(C19*PI()/180)*COS(C20*PI()/180)+(SIN(C19*PI()/180)*SIN(C20*PI()/180))*COS((E20-E19)*PI()/180))*180/PI()) | G20: =IF(F20=0,1,(2/F20)*(180/PI())*TAN(F20*PI()/180/2)) | H20: =H19+(G20*((B20-B19)/2*(COS(C19*PI()/180)+COS(C20*PI()/180)))) | I20: =I19+G20*((B20-B19)/2)*(SIN(C19*PI()/180)*COS(E19*PI()/180)+SIN(C20*PI()/180)*COS(E20*PI()/180)) | J20: =J19+G20*((B20-B19)/2)*(SIN(C19*PI()/180)*SIN(E19*PI()/180)+SIN(C20*PI()/180)*SIN(E20*PI()/180)) | K20: =SQRT(I20^2+J20^2) | L20: =IF(AND(I20=0,J20=0),0,(IF(AND(I20>=0,J20>=0),ATAN(J20/I20)*(180/PI()),IF(AND(I20<0,J20>=0),ATAN(J20/I20)*(180/PI())+180,IF(AND(I20<0,J20<0),ATAN(J20/I20)*(180/PI())+180,ATAN(J20/I20)*(180/PI())+360))))) | M20: =ABS(SQRT(I20^2+J20^2)*(COS(RADIANS(($H$10-IF(I20=0,0,DEGREES(ATAN(J20/I20)))))))) | N20: =IF(B20=B19,0,F20*100/(B20-B19)) | O20: =E20+$F$7 | P20: =G20*((B20-B19)/2)*(SIN(C19*PI()/180)*COS(E19*PI()/180)+SIN(C20*PI()/180)*COS(E20*PI()/180)) | Q20: =G20*((B20-B19)/2)*(SIN(C19*PI()/180)*SIN(E19*PI()/180)+SIN(C20*PI()/180)*SIN(E20*PI()/180)) | R20: =SQRT(P20^2+Q20^2) | S20: =IF(AND(P20=0,Q20=0),0,IF(AND(P20>=0,Q20>=0),ATAN(Q20/P20)*(180/PI()),IF(AND(P20<0,Q20>=0),ATAN(Q20/P20)*(180/PI())+180,IF(AND(P20<0,Q20<0),ATAN(Q20/P20)*(180/PI())+180,ATAN(Q20/P20)*(180/PI())+360)))) | T20: =M20 | U20: =(-H20) | V20: =IF($V$13=1,V$15-I20,V$15+I20) | W20: =IF($W$13=1,W$15-J20,W$15+J20) | X20: =SQRT((W20-$S$186)^2+(V20-$S$186)^2)
B21: 2786.44 | C21: 12.802 | D21: 104.502 | E21: =IF($H$7="M",D21+$H$8-$H$9,IF( AND($H$7="T",$A$45="g"),D21-$H$9,IF(AND($H$7="g",$A$45="t"),D21+$H$9,D21))) | F21: =IF(C21=C20,0,ACOS(COS(C20*PI()/180)*COS(C21*PI()/180)+(SIN(C20*PI()/180)*SIN(C21*PI()/180))*COS((E21-E20)*PI()/180))*180/PI()) | G21: =IF(F21=0,1,(2/F21)*(180/PI())*TAN(F21*PI()/180/2)) | H21: =H20+(G21*((B21-B20)/2*(COS(C20*PI()/180)+COS(C21*PI()/180)))) | I21: =I20+G21*((B21-B20)/2)*(SIN(C20*PI()/180)*COS(E20*PI()/180)+SIN(C21*PI()/180)*COS(E21*PI()/180)) | J21: =J20+G21*((B21-B20)/2)*(SIN(C20*PI()/180)*SIN(E20*PI()/180)+SIN(C21*PI()/180)*SIN(E21*PI()/180)) | K21: =SQRT(I21^2+J21^2) | L21: =IF(AND(I21=0,J21=0),0,(IF(AND(I21>=0,J21>=0),ATAN(J21/I21)*(180/PI()),IF(AND(I21<0,J21>=0),ATAN(J21/I21)*(180/PI())+180,IF(AND(I21<0,J21<0),ATAN(J21/I21)*(180/PI())+180,ATAN(J21/I21)*(180/PI())+360))))) | M21: =ABS(SQRT(I21^2+J21^2)*(COS(RADIANS(($H$10-IF(I21=0,0,DEGREES(ATAN(J21/I21)))))))) | N21: =IF(B21=B20,0,F21*100/(B21-B20)) | O21: =E21+$F$7 | P21: =G21*((B21-B20)/2)*(SIN(C20*PI()/180)*COS(E20*PI()/180)+SIN(C21*PI()/180)*COS(E21*PI()/180)) | Q21: =G21*((B21-B20)/2)*(SIN(C20*PI()/180)*SIN(E20*PI()/180)+SIN(C21*PI()/180)*SIN(E21*PI()/180)) | R21: =SQRT(P21^2+Q21^2) | S21: =IF(AND(P21=0,Q21=0),0,IF(AND(P21>=0,Q21>=0),ATAN(Q21/P21)*(180/PI()),IF(AND(P21<0,Q21>=0),ATAN(Q21/P21)*(180/PI())+180,IF(AND(P21<0,Q21<0),ATAN(Q21/P21)*(180/PI())+180,ATAN(Q21/P21)*(180/PI())+360)))) | T21: =M21 | U21: =(-H21) | V21: =IF($V$13=1,V$15-I21,V$15+I21) | W21: =IF($W$13=1,W$15-J21,W$15+J21) | X21: =SQRT((W21-$S$186)^2+(V21-$S$186)^2)
B22: 7896 | C22: 12.802 | D22: 104.502 | E22: =IF($H$7="M",D22+$H$8-$H$9,IF( AND($H$7="T",$A$45="g"),D22-$H$9,IF(AND($H$7="g",$A$45="t"),D22+$H$9,D22))) | F22: =IF(C22=C21,0,ACOS(COS(C21*PI()/180)*COS(C22*PI()/180)+(SIN(C21*PI()/180)*SIN(C22*PI()/180))*COS((E22-E21)*PI()/180))*180/PI()) | G22: =IF(F22=0,1,(2/F22)*(180/PI())*TAN(F22*PI()/180/2)) | H22: =H21+(G22*((B22-B21)/2*(COS(C21*PI()/180)+COS(C22*PI()/180)))) | I22: =I21+G22*((B22-B21)/2)*(SIN(C21*PI()/180)*COS(E21*PI()/180)+SIN(C22*PI()/180)*COS(E22*PI()/180)) | J22: =J21+G22*((B22-B21)/2)*(SIN(C21*PI()/180)*SIN(E21*PI()/180)+SIN(C22*PI()/180)*SIN(E22*PI()/180)) | K22: =SQRT(I22^2+J22^2) | L22: =IF(AND(I22=0,J22=0),0,(IF(AND(I22>=0,J22>=0),ATAN(J22/I22)*(180/PI()),IF(AND(I22<0,J22>=0),ATAN(J22/I22)*(180/PI())+180,IF(AND(I22<0,J22<0),ATAN(J22/I22)*(180/PI())+180,ATAN(J22/I22)*(180/PI())+360))))) | M22: =ABS(SQRT(I22^2+J22^2)*(COS(RADIANS(($H$10-IF(I22=0,0,DEGREES(ATAN(J22/I22)))))))) | N22: =IF(B22=B21,0,F22*100/(B22-B21)) | O22: =E22+$F$7 | P22: =G22*((B22-B21)/2)*(SIN(C21*PI()/180)*COS(E21*PI()/180)+SIN(C22*PI()/180)*COS(E22*PI()/180)) | Q22: =G22*((B22-B21)/2)*(SIN(C21*PI()/180)*SIN(E21*PI()/180)+SIN(C22*PI()/180)*SIN(E22*PI()/180)) | R22: =SQRT(P22^2+Q22^2) | S22: =IF(AND(P22=0,Q22=0),0,IF(AND(P22>=0,Q22>=0),ATAN(Q22/P22)*(180/PI()),IF(AND(P22<0,Q22>=0),ATAN(Q22/P22)*(180/PI())+180,IF(AND(P22<0,Q22<0),ATAN(Q22/P22)*(180/PI())+180,ATAN(Q22/P22)*(180/PI())+360)))) | T22: =M22 | U22: =(-H22) | V22: =IF($V$13=1,V$15-I22,V$15+I22) | W22: =IF($W$13=1,W$15-J22,W$15+J22) | X22: =SQRT((W22-$S$186)^2+(V22-$S$186)^2)
B23: 7946.4 | C23: 12.802 | D23: 104.502 | E23: =IF($H$7="M",D23+$H$8-$H$9,IF( AND($H$7="T",$A$45="g"),D23-$H$9,IF(AND($H$7="g",$A$45="t"),D23+$H$9,D23))) | F23: =IF(C23=C22,0,ACOS(COS(C22*PI()/180)*COS(C23*PI()/180)+(SIN(C22*PI()/180)*SIN(C23*PI()/180))*COS((E23-E22)*PI()/180))*180/PI()) | G23: =IF(F23=0,1,(2/F23)*(180/PI())*TAN(F23*PI()/180/2)) | H23: =H22+(G23*((B23-B22)/2*(COS(C22*PI()/180)+COS(C23*PI()/180)))) | I23: =I22+G23*((B23-B22)/2)*(SIN(C22*PI()/180)*COS(E22*PI()/180)+SIN(C23*PI()/180)*COS(E23*PI()/180)) | J23: =J22+G23*((B23-B22)/2)*(SIN(C22*PI()/180)*SIN(E22*PI()/180)+SIN(C23*PI()/180)*SIN(E23*PI()/180)) | K23: =SQRT(I23^2+J23^2) | L23: =IF(AND(I23=0,J23=0),0,(IF(AND(I23>=0,J23>=0),ATAN(J23/I23)*(180/PI()),IF(AND(I23<0,J23>=0),ATAN(J23/I23)*(180/PI())+180,IF(AND(I23<0,J23<0),ATAN(J23/I23)*(180/PI())+180,ATAN(J23/I23)*(180/PI())+360))))) | M23: =ABS(SQRT(I23^2+J23^2)*(COS(RADIANS(($H$10-IF(I23=0,0,DEGREES(ATAN(J23/I23)))))))) | N23: =IF(B23=B22,0,F23*100/(B23-B22)) | O23: =E23+$F$7 | P23: =G23*((B23-B22)/2)*(SIN(C22*PI()/180)*COS(E22*PI()/180)+SIN(C23*PI()/180)*COS(E23*PI()/180)) | Q23: =G23*((B23-B22)/2)*(SIN(C22*PI()/180)*SIN(E22*PI()/180)+SIN(C23*PI()/180)*SIN(E23*PI()/180)) | R23: =SQRT(P23^2+Q23^2) | S23: =IF(AND(P23=0,Q23=0),0,IF(AND(P23>=0,Q23>=0),ATAN(Q23/P23)*(180/PI()),IF(AND(P23<0,Q23>=0),ATAN(Q23/P23)*(180/PI())+180,IF(AND(P23<0,Q23<0),ATAN(Q23/P23)*(180/PI())+180,ATAN(Q23/P23)*(180/PI())+360)))) | T23: =M23 | U23: =(-H23) | V23: =IF($V$13=1,V$15-I23,V$15+I23) | W23: =IF($W$13=1,W$15-J23,W$15+J23) | X23: =SQRT((W23-$S$186)^2+(V23-$S$186)^2)
B24: 8695 | C24: 93.406 | D24: 178.607 | E24: =IF($H$7="M",D24+$H$8-$H$9,IF( AND($H$7="T",$A$45="g"),D24-$H$9,IF(AND($H$7="g",$A$45="t"),D24+$H$9,D24))) | F24: =IF(C24=C23,0,ACOS(COS(C23*PI()/180)*COS(C24*PI()/180)+(SIN(C23*PI()/180)*SIN(C24*PI()/180))*COS((E24-E23)*PI()/180))*180/PI()) | G24: =IF(F24=0,1,(2/F24)*(180/PI())*TAN(F24*PI()/180/2)) | H24: =H23+(G24*((B24-B23)/2*(COS(C23*PI()/180)+COS(C24*PI()/180)))) | I24: =I23+G24*((B24-B23)/2)*(SIN(C23*PI()/180)*COS(E23*PI()/180)+SIN(C24*PI()/180)*COS(E24*PI()/180)) | J24: =J23+G24*((B24-B23)/2)*(SIN(C23*PI()/180)*SIN(E23*PI()/180)+SIN(C24*PI()/180)*SIN(E24*PI()/180)) | K24: =SQRT(I24^2+J24^2) | L24: =IF(AND(I24=0,J24=0),0,(IF(AND(I24>=0,J24>=0),ATAN(J24/I24)*(180/PI()),IF(AND(I24<0,J24>=0),ATAN(J24/I24)*(180/PI())+180,IF(AND(I24<0,J24<0),ATAN(J24/I24)*(180/PI())+180,ATAN(J24/I24)*(180/PI())+360))))) | M24: =ABS(SQRT(I24^2+J24^2)*(COS(RADIANS(($H$10-IF(I24=0,0,DEGREES(ATAN(J24/I24)))))))) | N24: =IF(B24=B23,0,F24*100/(B24-B23)) | O24: =E24+$F$7 | P24: =G24*((B24-B23)/2)*(SIN(C23*PI()/180)*COS(E23*PI()/180)+SIN(C24*PI()/180)*COS(E24*PI()/180)) | Q24: =G24*((B24-B23)/2)*(SIN(C23*PI()/180)*SIN(E23*PI()/180)+SIN(C24*PI()/180)*SIN(E24*PI()/180)) | R24: =SQRT(P24^2+Q24^2) | S24: =IF(AND(P24=0,Q24=0),0,IF(AND(P24>=0,Q24>=0),ATAN(Q24/P24)*(180/PI()),IF(AND(P24<0,Q24>=0),ATAN(Q24/P24)*(180/PI())+180,IF(AND(P24<0,Q24<0),ATAN(Q24/P24)*(180/PI())+180,ATAN(Q24/P24)*(180/PI())+360)))) | T24: =M24 | U24: =(-H24) | V24: =IF($V$13=1,V$15-I24,V$15+I24) | W24: =IF($W$13=1,W$15-J24,W$15+J24) | X24: =SQRT((W24-$S$186)^2+(V24-$S$186)^2)
B25: 18592 | C25: 93.406 | D25: 178.607 | E25: =IF($H$7="M",D25+$H$8-$H$9,IF( AND($H$7="T",$A$45="g"),D25-$H$9,IF(AND($H$7="g",$A$45="t"),D25+$H$9,D25))) | F25: =IF(C25=C24,0,ACOS(COS(C24*PI()/180)*COS(C25*PI()/180)+(SIN(C24*PI()/180)*SIN(C25*PI()/180))*COS((E25-E24)*PI()/180))*180/PI()) | G25: =IF(F25=0,1,(2/F25)*(180/PI())*TAN(F25*PI()/180/2)) | H25: =H24+(G25*((B25-B24)/2*(COS(C24*PI()/180)+COS(C25*PI()/180)))) | I25: =I24+G25*((B25-B24)/2)*(SIN(C24*PI()/180)*COS(E24*PI()/180)+SIN(C25*PI()/180)*COS(E25*PI()/180)) | J25: =J24+G25*((B25-B24)/2)*(SIN(C24*PI()/180)*SIN(E24*PI()/180)+SIN(C25*PI()/180)*SIN(E25*PI()/180)) | K25: =SQRT(I25^2+J25^2) | L25: =IF(AND(I25=0,J25=0),0,(IF(AND(I25>=0,J25>=0),ATAN(J25/I25)*(180/PI()),IF(AND(I25<0,J25>=0),ATAN(J25/I25)*(180/PI())+180,IF(AND(I25<0,J25<0),ATAN(J25/I25)*(180/PI())+180,ATAN(J25/I25)*(180/PI())+360))))) | M25: =ABS(SQRT(I25^2+J25^2)*(COS(RADIANS(($H$10-IF(I25=0,0,DEGREES(ATAN(J25/I25)))))))) | N25: =IF(B25=B24,0,F25*100/(B25-B24)) | O25: =E25+$F$7 | P25: =G25*((B25-B24)/2)*(SIN(C24*PI()/180)*COS(E24*PI()/180)+SIN(C25*PI()/180)*COS(E25*PI()/180)) | Q25: =G25*((B25-B24)/2)*(SIN(C24*PI()/180)*SIN(E24*PI()/180)+SIN(C25*PI()/180)*SIN(E25*PI()/180)) | R25: =SQRT(P25^2+Q25^2) | S25: =IF(AND(P25=0,Q25=0),0,IF(AND(P25>=0,Q25>=0),ATAN(Q25/P25)*(180/PI()),IF(AND(P25<0,Q25>=0),ATAN(Q25/P25)*(180/PI())+180,IF(AND(P25<0,Q25<0),ATAN(Q25/P25)*(180/PI())+180,ATAN(Q25/P25)*(180/PI())+360)))) | T25: =M25 | U25: =(-H25) | V25: =IF($V$13=1,V$15-I25,V$15+I25) | W25: =IF($W$13=1,W$15-J25,W$15+J25) | X25: =SQRT((W25-$S$186)^2+(V25-$S$186)^2)
E26: =IF($H$7="M",D26+$H$8-$H$9,IF( AND($H$7="T",$A$45="g"),D26-$H$9,IF(AND($H$7="g",$A$45="t"),D26+$H$9,D26))) | F26: =IF(C26=C25,0,ACOS(COS(C25*PI()/180)*COS(C26*PI()/180)+(SIN(C25*PI()/180)*SIN(C26*PI()/180))*COS((E26-E25)*PI()/180))*180/PI()) | G26: =IF(F26=0,1,(2/F26)*(180/PI())*TAN(F26*PI()/180/2)) | H26: =H25+(G26*((B26-B25)/2*(COS(C25*PI()/180)+COS(C26*PI()/180)))) | I26: =I25+G26*((B26-B25)/2)*(SIN(C25*PI()/180)*COS(E25*PI()/180)+SIN(C26*PI()/180)*COS(E26*PI()/180)) | J26: =J25+G26*((B26-B25)/2)*(SIN(C25*PI()/180)*SIN(E25*PI()/180)+SIN(C26*PI()/180)*SIN(E26*PI()/180)) | K26: =SQRT(I26^2+J26^2) | L26: =IF(AND(I26=0,J26=0),0,(IF(AND(I26>=0,J26>=0),ATAN(J26/I26)*(180/PI()),IF(AND(I26<0,J26>=0),ATAN(J26/I26)*(180/PI())+180,IF(AND(I26<0,J26<0),ATAN(J26/I26)*(180/PI())+180,ATAN(J26/I26)*(180/PI())+360))))) | M26: =ABS(SQRT(I26^2+J26^2)*(COS(RADIANS(($H$10-IF(I26=0,0,DEGREES(ATAN(J26/I26)))))))) | N26: =IF(B26=B25,0,F26*100/(B26-B25)) | O26: =E26+$F$7 | P26: =G26*((B26-B25)/2)*(SIN(C25*PI()/180)*COS(E25*PI()/180)+SIN(C26*PI()/180)*COS(E26*PI()/180)) | Q26: =G26*((B26-B25)/2)*(SIN(C25*PI()/180)*SIN(E25*PI()/180)+SIN(C26*PI()/180)*SIN(E26*PI()/180)) | R26: =SQRT(P26^2+Q26^2) | S26: =IF(AND(P26=0,Q26=0),0,IF(AND(P26>=0,Q26>=0),ATAN(Q26/P26)*(180/PI()),IF(AND(P26<0,Q26>=0),ATAN(Q26/P26)*(180/PI())+180,IF(AND(P26<0,Q26<0),ATAN(Q26/P26)*(180/PI())+180,ATAN(Q26/P26)*(180/PI())+360)))) | T26: =M26 | U26: =(-H26) | V26: =IF($V$13=1,V$15-I26,V$15+I26) | W26: =IF($W$13=1,W$15-J26,W$15+J26) | X26: =SQRT((W26-$S$186)^2+(V26-$S$186)^2)
E27: =IF($H$7="M",D27+$H$8-$H$9,IF( AND($H$7="T",$A$45="g"),D27-$H$9,IF(AND($H$7="g",$A$45="t"),D27+$H$9,D27))) | F27: =IF(C27=C26,0,ACOS(COS(C26*PI()/180)*COS(C27*PI()/180)+(SIN(C26*PI()/180)*SIN(C27*PI()/180))*COS((E27-E26)*PI()/180))*180/PI()) | G27: =IF(F27=0,1,(2/F27)*(180/PI())*TAN(F27*PI()/180/2)) | H27: =H26+(G27*((B27-B26)/2*(COS(C26*PI()/180)+COS(C27*PI()/180)))) | I27: =I26+G27*((B27-B26)/2)*(SIN(C26*PI()/180)*COS(E26*PI()/180)+SIN(C27*PI()/180)*COS(E27*PI()/180)) | J27: =J26+G27*((B27-B26)/2)*(SIN(C26*PI()/180)*SIN(E26*PI()/180)+SIN(C27*PI()/180)*SIN(E27*PI()/180)) | K27: =SQRT(I27^2+J27^2) | L27: =IF(AND(I27=0,J27=0),0,(IF(AND(I27>=0,J27>=0),ATAN(J27/I27)*(180/PI()),IF(AND(I27<0,J27>=0),ATAN(J27/I27)*(180/PI())+180,IF(AND(I27<0,J27<0),ATAN(J27/I27)*(180/PI())+180,ATAN(J27/I27)*(180/PI())+360))))) | M27: =ABS(SQRT(I27^2+J27^2)*(COS(RADIANS(($H$10-IF(I27=0,0,DEGREES(ATAN(J27/I27)))))))) | N27: =IF(B27=B26,0,F27*100/(B27-B26)) | O27: =E27+$F$7 | P27: =G27*((B27-B26)/2)*(SIN(C26*PI()/180)*COS(E26*PI()/180)+SIN(C27*PI()/180)*COS(E27*PI()/180)) | Q27: =G27*((B27-B26)/2)*(SIN(C26*PI()/180)*SIN(E26*PI()/180)+SIN(C27*PI()/180)*SIN(E27*PI()/180)) | R27: =SQRT(P27^2+Q27^2) | S27: =IF(AND(P27=0,Q27=0),0,IF(AND(P27>=0,Q27>=0),ATAN(Q27/P27)*(180/PI()),IF(AND(P27<0,Q27>=0),ATAN(Q27/P27)*(180/PI())+180,IF(AND(P27<0,Q27<0),ATAN(Q27/P27)*(180/PI())+180,ATAN(Q27/P27)*(180/PI())+360)))) | T27: =M27 | U27: =(-H27) | V27: =IF($V$13=1,V$15-I27,V$15+I27) | W27: =IF($W$13=1,W$15-J27,W$15+J27) | X27: =SQRT((W27-$S$186)^2+(V27-$S$186)^2)
E28: =IF($H$7="M",D28+$H$8-$H$9,IF( AND($H$7="T",$A$45="g"),D28-$H$9,IF(AND($H$7="g",$A$45="t"),D28+$H$9,D28))) | F28: =IF(C28=C27,0,ACOS(COS(C27*PI()/180)*COS(C28*PI()/180)+(SIN(C27*PI()/180)*SIN(C28*PI()/180))*COS((E28-E27)*PI()/180))*180/PI()) | G28: =IF(F28=0,1,(2/F28)*(180/PI())*TAN(F28*PI()/180/2)) | H28: =H27+(G28*((B28-B27)/2*(COS(C27*PI()/180)+COS(C28*PI()/180)))) | I28: =I27+G28*((B28-B27)/2)*(SIN(C27*PI()/180)*COS(E27*PI()/180)+SIN(C28*PI()/180)*COS(E28*PI()/180)) | J28: =J27+G28*((B28-B27)/2)*(SIN(C27*PI()/180)*SIN(E27*PI()/180)+SIN(C28*PI()/180)*SIN(E28*PI()/180)) | K28: =SQRT(I28^2+J28^2) | L28: =IF(AND(I28=0,J28=0),0,(IF(AND(I28>=0,J28>=0),ATAN(J28/I28)*(180/PI()),IF(AND(I28<0,J28>=0),ATAN(J28/I28)*(180/PI())+180,IF(AND(I28<0,J28<0),ATAN(J28/I28)*(180/PI())+180,ATAN(J28/I28)*(180/PI())+360))))) | M28: =ABS(SQRT(I28^2+J28^2)*(COS(RADIANS(($H$10-IF(I28=0,0,DEGREES(ATAN(J28/I28)))))))) | N28: =IF(B28=B27,0,F28*100/(B28-B27)) | O28: =E28+$F$7 | P28: =G28*((B28-B27)/2)*(SIN(C27*PI()/180)*COS(E27*PI()/180)+SIN(C28*PI()/180)*COS(E28*PI()/180)) | Q28: =G28*((B28-B27)/2)*(SIN(C27*PI()/180)*SIN(E27*PI()/180)+SIN(C28*PI()/180)*SIN(E28*PI()/180)) | R28: =SQRT(P28^2+Q28^2) | S28: =IF(AND(P28=0,Q28=0),0,IF(AND(P28>=0,Q28>=0),ATAN(Q28/P28)*(180/PI()),IF(AND(P28<0,Q28>=0),ATAN(Q28/P28)*(180/PI())+180,IF(AND(P28<0,Q28<0),ATAN(Q28/P28)*(180/PI())+180,ATAN(Q28/P28)*(180/PI())+360)))) | T28: =M28 | U28: =(-H28) | V28: =IF($V$13=1,V$15-I28,V$15+I28) | W28: =IF($W$13=1,W$15-J28,W$15+J28) | X28: =SQRT((W28-$S$186)^2+(V28-$S$186)^2)
E29: =IF($H$7="M",D29+$H$8-$H$9,IF( AND($H$7="T",$A$45="g"),D29-$H$9,IF(AND($H$7="g",$A$45="t"),D29+$H$9,D29))) | F29: =IF(C29=C28,0,ACOS(COS(C28*PI()/180)*COS(C29*PI()/180)+(SIN(C28*PI()/180)*SIN(C29*PI()/180))*COS((E29-E28)*PI()/180))*180/PI()) | G29: =IF(F29=0,1,(2/F29)*(180/PI())*TAN(F29*PI()/180/2)) | H29: =H28+(G29*((B29-B28)/2*(COS(C28*PI()/180)+COS(C29*PI()/180)))) | I29: =I28+G29*((B29-B28)/2)*(SIN(C28*PI()/180)*COS(E28*PI()/180)+SIN(C29*PI()/180)*COS(E29*PI()/180)) | J29: =J28+G29*((B29-B28)/2)*(SIN(C28*PI()/180)*SIN(E28*PI()/180)+SIN(C29*PI()/180)*SIN(E29*PI()/180)) | K29: =SQRT(I29^2+J29^2) | L29: =IF(AND(I29=0,J29=0),0,(IF(AND(I29>=0,J29>=0),ATAN(J29/I29)*(180/PI()),IF(AND(I29<0,J29>=0),ATAN(J29/I29)*(180/PI())+180,IF(AND(I29<0,J29<0),ATAN(J29/I29)*(180/PI())+180,ATAN(J29/I29)*(180/PI())+360))))) | M29: =ABS(SQRT(I29^2+J29^2)*(COS(RADIANS(($H$10-IF(I29=0,0,DEGREES(ATAN(J29/I29)))))))) | N29: =IF(B29=B28,0,F29*100/(B29-B28)) | O29: =E29+$F$7 | P29: =G29*((B29-B28)/2)*(SIN(C28*PI()/180)*COS(E28*PI()/180)+SIN(C29*PI()/180)*COS(E29*PI()/180)) | Q29: =G29*((B29-B28)/2)*(SIN(C28*PI()/180)*SIN(E28*PI()/180)+SIN(C29*PI()/180)*SIN(E29*PI()/180)) | R29: =SQRT(P29^2+Q29^2) | S29: =IF(AND(P29=0,Q29=0),0,IF(AND(P29>=0,Q29>=0),ATAN(Q29/P29)*(180/PI()),IF(AND(P29<0,Q29>=0),ATAN(Q29/P29)*(180/PI())+180,IF(AND(P29<0,Q29<0),ATAN(Q29/P29)*(180/PI())+180,ATAN(Q29/P29)*(180/PI())+360)))) | T29: =M29 | U29: =(-H29) | V29: =IF($V$13=1,V$15-I29,V$15+I29) | W29: =IF($W$13=1,W$15-J29,W$15+J29) | X29: =SQRT((W29-$S$186)^2+(V29-$S$186)^2)
A30: ='Casing Review'!D29 | E30: =IF($H$7="M",D30+$H$8-$H$9,IF( AND($H$7="T",$A$45="g"),D30-$H$9,IF(AND($H$7="g",$A$45="t"),D30+$H$9,D30))) | F30: =IF(C30=C29,0,ACOS(COS(C29*PI()/180)*COS(C30*PI()/180)+(SIN(C29*PI()/180)*SIN(C30*PI()/180))*COS((E30-E29)*PI()/180))*180/PI()) | G30: =IF(F30=0,1,(2/F30)*(180/PI())*TAN(F30*PI()/180/2)) | H30: =H29+(G30*((B30-B29)/2*(COS(C29*PI()/180)+COS(C30*PI()/180)))) | I30: =I29+G30*((B30-B29)/2)*(SIN(C29*PI()/180)*COS(E29*PI()/180)+SIN(C30*PI()/180)*COS(E30*PI()/180)) | J30: =J29+G30*((B30-B29)/2)*(SIN(C29*PI()/180)*SIN(E29*PI()/180)+SIN(C30*PI()/180)*SIN(E30*PI()/180)) | K30: =SQRT(I30^2+J30^2) | L30: =IF(AND(I30=0,J30=0),0,(IF(AND(I30>=0,J30>=0),ATAN(J30/I30)*(180/PI()),IF(AND(I30<0,J30>=0),ATAN(J30/I30)*(180/PI())+180,IF(AND(I30<0,J30<0),ATAN(J30/I30)*(180/PI())+180,ATAN(J30/I30)*(180/PI())+360))))) | M30: =ABS(SQRT(I30^2+J30^2)*(COS(RADIANS(($H$10-IF(I30=0,0,DEGREES(ATAN(J30/I30)))))))) | N30: =IF(B30=B29,0,F30*100/(B30-B29)) | O30: =E30+$F$7 | P30: =G30*((B30-B29)/2)*(SIN(C29*PI()/180)*COS(E29*PI()/180)+SIN(C30*PI()/180)*COS(E30*PI()/180)) | Q30: =G30*((B30-B29)/2)*(SIN(C29*PI()/180)*SIN(E29*PI()/180)+SIN(C30*PI()/180)*SIN(E30*PI()/180)) | R30: =SQRT(P30^2+Q30^2) | S30: =IF(AND(P30=0,Q30=0),0,IF(AND(P30>=0,Q30>=0),ATAN(Q30/P30)*(180/PI()),IF(AND(P30<0,Q30>=0),ATAN(Q30/P30)*(180/PI())+180,IF(AND(P30<0,Q30<0),ATAN(Q30/P30)*(180/PI())+180,ATAN(Q30/P30)*(180/PI())+360)))) | T30: =M30 | U30: =(-H30) | V30: =IF($V$13=1,V$15-I30,V$15+I30) | W30: =IF($W$13=1,W$15-J30,W$15+J30) | X30: =SQRT((W30-$S$186)^2+(V30-$S$186)^2)
A31: ='Casing Review'!D31 | E31: =IF($H$7="M",D31+$H$8-$H$9,IF( AND($H$7="T",$A$45="g"),D31-$H$9,IF(AND($H$7="g",$A$45="t"),D31+$H$9,D31))) | F31: =IF(C31=C30,0,ACOS(COS(C30*PI()/180)*COS(C31*PI()/180)+(SIN(C30*PI()/180)*SIN(C31*PI()/180))*COS((E31-E30)*PI()/180))*180/PI()) | G31: =IF(F31=0,1,(2/F31)*(180/PI())*TAN(F31*PI()/180/2)) | H31: =H30+(G31*((B31-B30)/2*(COS(C30*PI()/180)+COS(C31*PI()/180)))) | I31: =I30+G31*((B31-B30)/2)*(SIN(C30*PI()/180)*COS(E30*PI()/180)+SIN(C31*PI()/180)*COS(E31*PI()/180)) | J31: =J30+G31*((B31-B30)/2)*(SIN(C30*PI()/180)*SIN(E30*PI()/180)+SIN(C31*PI()/180)*SIN(E31*PI()/180)) | K31: =SQRT(I31^2+J31^2) | L31: =IF(AND(I31=0,J31=0),0,(IF(AND(I31>=0,J31>=0),ATAN(J31/I31)*(180/PI()),IF(AND(I31<0,J31>=0),ATAN(J31/I31)*(180/PI())+180,IF(AND(I31<0,J31<0),ATAN(J31/I31)*(180/PI())+180,ATAN(J31/I31)*(180/PI())+360))))) | M31: =ABS(SQRT(I31^2+J31^2)*(COS(RADIANS(($H$10-IF(I31=0,0,DEGREES(ATAN(J31/I31)))))))) | N31: =IF(B31=B30,0,F31*100/(B31-B30)) | O31: =E31+$F$7 | P31: =G31*((B31-B30)/2)*(SIN(C30*PI()/180)*COS(E30*PI()/180)+SIN(C31*PI()/180)*COS(E31*PI()/180)) | Q31: =G31*((B31-B30)/2)*(SIN(C30*PI()/180)*SIN(E30*PI()/180)+SIN(C31*PI()/180)*SIN(E31*PI()/180)) | R31: =SQRT(P31^2+Q31^2) | S31: =IF(AND(P31=0,Q31=0),0,IF(AND(P31>=0,Q31>=0),ATAN(Q31/P31)*(180/PI()),IF(AND(P31<0,Q31>=0),ATAN(Q31/P31)*(180/PI())+180,IF(AND(P31<0,Q31<0),ATAN(Q31/P31)*(180/PI())+180,ATAN(Q31/P31)*(180/PI())+360)))) | T31: =M31 | U31: =(-H31) | V31: =IF($V$13=1,V$15-I31,V$15+I31) | W31: =IF($W$13=1,W$15-J31,W$15+J31) | X31: =SQRT((W31-$S$186)^2+(V31-$S$186)^2)
A32: ='Casing Review'!D42 | E32: =IF($H$7="M",D32+$H$8-$H$9,IF( AND($H$7="T",$A$45="g"),D32-$H$9,IF(AND($H$7="g",$A$45="t"),D32+$H$9,D32))) | F32: =IF(C32=C31,0,ACOS(COS(C31*PI()/180)*COS(C32*PI()/180)+(SIN(C31*PI()/180)*SIN(C32*PI()/180))*COS((E32-E31)*PI()/180))*180/PI()) | G32: =IF(F32=0,1,(2/F32)*(180/PI())*TAN(F32*PI()/180/2)) | H32: =H31+(G32*((B32-B31)/2*(COS(C31*PI()/180)+COS(C32*PI()/180)))) | I32: =I31+G32*((B32-B31)/2)*(SIN(C31*PI()/180)*COS(E31*PI()/180)+SIN(C32*PI()/180)*COS(E32*PI()/180)) | J32: =J31+G32*((B32-B31)/2)*(SIN(C31*PI()/180)*SIN(E31*PI()/180)+SIN(C32*PI()/180)*SIN(E32*PI()/180)) | K32: =SQRT(I32^2+J32^2) | L32: =IF(AND(I32=0,J32=0),0,(IF(AND(I32>=0,J32>=0),ATAN(J32/I32)*(180/PI()),IF(AND(I32<0,J32>=0),ATAN(J32/I32)*(180/PI())+180,IF(AND(I32<0,J32<0),ATAN(J32/I32)*(180/PI())+180,ATAN(J32/I32)*(180/PI())+360))))) | M32: =ABS(SQRT(I32^2+J32^2)*(COS(RADIANS(($H$10-IF(I32=0,0,DEGREES(ATAN(J32/I32)))))))) | N32: =IF(B32=B31,0,F32*100/(B32-B31)) | O32: =E32+$F$7 | P32: =G32*((B32-B31)/2)*(SIN(C31*PI()/180)*COS(E31*PI()/180)+SIN(C32*PI()/180)*COS(E32*PI()/180)) | Q32: =G32*((B32-B31)/2)*(SIN(C31*PI()/180)*SIN(E31*PI()/180)+SIN(C32*PI()/180)*SIN(E32*PI()/180)) | R32: =SQRT(P32^2+Q32^2) | S32: =IF(AND(P32=0,Q32=0),0,IF(AND(P32>=0,Q32>=0),ATAN(Q32/P32)*(180/PI()),IF(AND(P32<0,Q32>=0),ATAN(Q32/P32)*(180/PI())+180,IF(AND(P32<0,Q32<0),ATAN(Q32/P32)*(180/PI())+180,ATAN(Q32/P32)*(180/PI())+360)))) | T32: =M32 | U32: =(-H32) | V32: =IF($V$13=1,V$15-I32,V$15+I32) | W32: =IF($W$13=1,W$15-J32,W$15+J32) | X32: =SQRT((W32-$S$186)^2+(V32-$S$186)^2)
E33: =IF($H$7="M",D33+$H$8-$H$9,IF( AND($H$7="T",$A$45="g"),D33-$H$9,IF(AND($H$7="g",$A$45="t"),D33+$H$9,D33))) | F33: =IF(C33=C32,0,ACOS(COS(C32*PI()/180)*COS(C33*PI()/180)+(SIN(C32*PI()/180)*SIN(C33*PI()/180))*COS((E33-E32)*PI()/180))*180/PI()) | G33: =IF(F33=0,1,(2/F33)*(180/PI())*TAN(F33*PI()/180/2)) | H33: =H32+(G33*((B33-B32)/2*(COS(C32*PI()/180)+COS(C33*PI()/180)))) | I33: =I32+G33*((B33-B32)/2)*(SIN(C32*PI()/180)*COS(E32*PI()/180)+SIN(C33*PI()/180)*COS(E33*PI()/180)) | J33: =J32+G33*((B33-B32)/2)*(SIN(C32*PI()/180)*SIN(E32*PI()/180)+SIN(C33*PI()/180)*SIN(E33*PI()/180)) | K33: =SQRT(I33^2+J33^2) | L33: =IF(AND(I33=0,J33=0),0,(IF(AND(I33>=0,J33>=0),ATAN(J33/I33)*(180/PI()),IF(AND(I33<0,J33>=0),ATAN(J33/I33)*(180/PI())+180,IF(AND(I33<0,J33<0),ATAN(J33/I33)*(180/PI())+180,ATAN(J33/I33)*(180/PI())+360))))) | M33: =ABS(SQRT(I33^2+J33^2)*(COS(RADIANS(($H$10-IF(I33=0,0,DEGREES(ATAN(J33/I33)))))))) | N33: =IF(B33=B32,0,F33*100/(B33-B32)) | O33: =E33+$F$7 | P33: =G33*((B33-B32)/2)*(SIN(C32*PI()/180)*COS(E32*PI()/180)+SIN(C33*PI()/180)*COS(E33*PI()/180)) | Q33: =G33*((B33-B32)/2)*(SIN(C32*PI()/180)*SIN(E32*PI()/180)+SIN(C33*PI()/180)*SIN(E33*PI()/180)) | R33: =SQRT(P33^2+Q33^2) | S33: =IF(AND(P33=0,Q33=0),0,IF(AND(P33>=0,Q33>=0),ATAN(Q33/P33)*(180/PI()),IF(AND(P33<0,Q33>=0),ATAN(Q33/P33)*(180/PI())+180,IF(AND(P33<0,Q33<0),ATAN(Q33/P33)*(180/PI())+180,ATAN(Q33/P33)*(180/PI())+360)))) | T33: =M33 | U33: =(-H33) | V33: =IF($V$13=1,V$15-I33,V$15+I33) | W33: =IF($W$13=1,W$15-J33,W$15+J33) | X33: =SQRT((W33-$S$186)^2+(V33-$S$186)^2)
A34: ='Casing Review'!D44 | E34: =IF($H$7="M",D34+$H$8-$H$9,IF( AND($H$7="T",$A$45="g"),D34-$H$9,IF(AND($H$7="g",$A$45="t"),D34+$H$9,D34))) | F34: =IF(C34=C33,0,ACOS(COS(C33*PI()/180)*COS(C34*PI()/180)+(SIN(C33*PI()/180)*SIN(C34*PI()/180))*COS((E34-E33)*PI()/180))*180/PI()) | G34: =IF(F34=0,1,(2/F34)*(180/PI())*TAN(F34*PI()/180/2)) | H34: =H33+(G34*((B34-B33)/2*(COS(C33*PI()/180)+COS(C34*PI()/180)))) | I34: =I33+G34*((B34-B33)/2)*(SIN(C33*PI()/180)*COS(E33*PI()/180)+SIN(C34*PI()/180)*COS(E34*PI()/180)) | J34: =J33+G34*((B34-B33)/2)*(SIN(C33*PI()/180)*SIN(E33*PI()/180)+SIN(C34*PI()/180)*SIN(E34*PI()/180)) | K34: =SQRT(I34^2+J34^2) | L34: =IF(AND(I34=0,J34=0),0,(IF(AND(I34>=0,J34>=0),ATAN(J34/I34)*(180/PI()),IF(AND(I34<0,J34>=0),ATAN(J34/I34)*(180/PI())+180,IF(AND(I34<0,J34<0),ATAN(J34/I34)*(180/PI())+180,ATAN(J34/I34)*(180/PI())+360))))) | M34: =ABS(SQRT(I34^2+J34^2)*(COS(RADIANS(($H$10-IF(I34=0,0,DEGREES(ATAN(J34/I34)))))))) | N34: =IF(B34=B33,0,F34*100/(B34-B33)) | O34: =E34+$F$7 | P34: =G34*((B34-B33)/2)*(SIN(C33*PI()/180)*COS(E33*PI()/180)+SIN(C34*PI()/180)*COS(E34*PI()/180)) | Q34: =G34*((B34-B33)/2)*(SIN(C33*PI()/180)*SIN(E33*PI()/180)+SIN(C34*PI()/180)*SIN(E34*PI()/180)) | R34: =SQRT(P34^2+Q34^2) | S34: =IF(AND(P34=0,Q34=0),0,IF(AND(P34>=0,Q34>=0),ATAN(Q34/P34)*(180/PI()),IF(AND(P34<0,Q34>=0),ATAN(Q34/P34)*(180/PI())+180,IF(AND(P34<0,Q34<0),ATAN(Q34/P34)*(180/PI())+180,ATAN(Q34/P34)*(180/PI())+360)))) | T34: =M34 | U34: =(-H34) | V34: =IF($V$13=1,V$15-I34,V$15+I34) | W34: =IF($W$13=1,W$15-J34,W$15+J34) | X34: =SQRT((W34-$S$186)^2+(V34-$S$186)^2)
A35: ='Casing Review'!D46 | E35: =IF($H$7="M",D35+$H$8-$H$9,IF( AND($H$7="T",$A$45="g"),D35-$H$9,IF(AND($H$7="g",$A$45="t"),D35+$H$9,D35))) | F35: =IF(C35=C34,0,ACOS(COS(C34*PI()/180)*COS(C35*PI()/180)+(SIN(C34*PI()/180)*SIN(C35*PI()/180))*COS((E35-E34)*PI()/180))*180/PI()) | G35: =IF(F35=0,1,(2/F35)*(180/PI())*TAN(F35*PI()/180/2)) | H35: =H34+(G35*((B35-B34)/2*(COS(C34*PI()/180)+COS(C35*PI()/180)))) | I35: =I34+G35*((B35-B34)/2)*(SIN(C34*PI()/180)*COS(E34*PI()/180)+SIN(C35*PI()/180)*COS(E35*PI()/180)) | J35: =J34+G35*((B35-B34)/2)*(SIN(C34*PI()/180)*SIN(E34*PI()/180)+SIN(C35*PI()/180)*SIN(E35*PI()/180)) | K35: =SQRT(I35^2+J35^2) | L35: =IF(AND(I35=0,J35=0),0,(IF(AND(I35>=0,J35>=0),ATAN(J35/I35)*(180/PI()),IF(AND(I35<0,J35>=0),ATAN(J35/I35)*(180/PI())+180,IF(AND(I35<0,J35<0),ATAN(J35/I35)*(180/PI())+180,ATAN(J35/I35)*(180/PI())+360))))) | M35: =ABS(SQRT(I35^2+J35^2)*(COS(RADIANS(($H$10-IF(I35=0,0,DEGREES(ATAN(J35/I35)))))))) | N35: =IF(B35=B34,0,F35*100/(B35-B34)) | O35: =E35+$F$7 | P35: =G35*((B35-B34)/2)*(SIN(C34*PI()/180)*COS(E34*PI()/180)+SIN(C35*PI()/180)*COS(E35*PI()/180)) | Q35: =G35*((B35-B34)/2)*(SIN(C34*PI()/180)*SIN(E34*PI()/180)+SIN(C35*PI()/180)*SIN(E35*PI()/180)) | R35: =SQRT(P35^2+Q35^2) | S35: =IF(AND(P35=0,Q35=0),0,IF(AND(P35>=0,Q35>=0),ATAN(Q35/P35)*(180/PI()),IF(AND(P35<0,Q35>=0),ATAN(Q35/P35)*(180/PI())+180,IF(AND(P35<0,Q35<0),ATAN(Q35/P35)*(180/PI())+180,ATAN(Q35/P35)*(180/PI())+360)))) | T35: =M35 | U35: =(-H35) | V35: =IF($V$13=1,V$15-I35,V$15+I35) | W35: =IF($W$13=1,W$15-J35,W$15+J35) | X35: =SQRT((W35-$S$186)^2+(V35-$S$186)^2)
A36: ='Casing Review'!B69 | E36: =IF($H$7="M",D36+$H$8-$H$9,IF( AND($H$7="T",$A$45="g"),D36-$H$9,IF(AND($H$7="g",$A$45="t"),D36+$H$9,D36))) | F36: =IF(C36=C35,0,ACOS(COS(C35*PI()/180)*COS(C36*PI()/180)+(SIN(C35*PI()/180)*SIN(C36*PI()/180))*COS((E36-E35)*PI()/180))*180/PI()) | G36: =IF(F36=0,1,(2/F36)*(180/PI())*TAN(F36*PI()/180/2)) | H36: =H35+(G36*((B36-B35)/2*(COS(C35*PI()/180)+COS(C36*PI()/180)))) | I36: =I35+G36*((B36-B35)/2)*(SIN(C35*PI()/180)*COS(E35*PI()/180)+SIN(C36*PI()/180)*COS(E36*PI()/180)) | J36: =J35+G36*((B36-B35)/2)*(SIN(C35*PI()/180)*SIN(E35*PI()/180)+SIN(C36*PI()/180)*SIN(E36*PI()/180)) | K36: =SQRT(I36^2+J36^2) | L36: =IF(AND(I36=0,J36=0),0,(IF(AND(I36>=0,J36>=0),ATAN(J36/I36)*(180/PI()),IF(AND(I36<0,J36>=0),ATAN(J36/I36)*(180/PI())+180,IF(AND(I36<0,J36<0),ATAN(J36/I36)*(180/PI())+180,ATAN(J36/I36)*(180/PI())+360))))) | M36: =ABS(SQRT(I36^2+J36^2)*(COS(RADIANS(($H$10-IF(I36=0,0,DEGREES(ATAN(J36/I36)))))))) | N36: =IF(B36=B35,0,F36*100/(B36-B35)) | O36: =E36+$F$7 | P36: =G36*((B36-B35)/2)*(SIN(C35*PI()/180)*COS(E35*PI()/180)+SIN(C36*PI()/180)*COS(E36*PI()/180)) | Q36: =G36*((B36-B35)/2)*(SIN(C35*PI()/180)*SIN(E35*PI()/180)+SIN(C36*PI()/180)*SIN(E36*PI()/180)) | R36: =SQRT(P36^2+Q36^2) | S36: =IF(AND(P36=0,Q36=0),0,IF(AND(P36>=0,Q36>=0),ATAN(Q36/P36)*(180/PI()),IF(AND(P36<0,Q36>=0),ATAN(Q36/P36)*(180/PI())+180,IF(AND(P36<0,Q36<0),ATAN(Q36/P36)*(180/PI())+180,ATAN(Q36/P36)*(180/PI())+360)))) | T36: =M36 | U36: =(-H36) | V36: =IF($V$13=1,V$15-I36,V$15+I36) | W36: =IF($W$13=1,W$15-J36,W$15+J36) | X36: =SQRT((W36-$S$186)^2+(V36-$S$186)^2)
A37: ='Casing Review'!D57 | E37: =IF($H$7="M",D37+$H$8-$H$9,IF( AND($H$7="T",$A$45="g"),D37-$H$9,IF(AND($H$7="g",$A$45="t"),D37+$H$9,D37))) | F37: =IF(C37=C36,0,ACOS(COS(C36*PI()/180)*COS(C37*PI()/180)+(SIN(C36*PI()/180)*SIN(C37*PI()/180))*COS((E37-E36)*PI()/180))*180/PI()) | G37: =IF(F37=0,1,(2/F37)*(180/PI())*TAN(F37*PI()/180/2)) | H37: =H36+(G37*((B37-B36)/2*(COS(C36*PI()/180)+COS(C37*PI()/180)))) | I37: =I36+G37*((B37-B36)/2)*(SIN(C36*PI()/180)*COS(E36*PI()/180)+SIN(C37*PI()/180)*COS(E37*PI()/180)) | J37: =J36+G37*((B37-B36)/2)*(SIN(C36*PI()/180)*SIN(E36*PI()/180)+SIN(C37*PI()/180)*SIN(E37*PI()/180)) | K37: =SQRT(I37^2+J37^2) | L37: =IF(AND(I37=0,J37=0),0,(IF(AND(I37>=0,J37>=0),ATAN(J37/I37)*(180/PI()),IF(AND(I37<0,J37>=0),ATAN(J37/I37)*(180/PI())+180,IF(AND(I37<0,J37<0),ATAN(J37/I37)*(180/PI())+180,ATAN(J37/I37)*(180/PI())+360))))) | M37: =ABS(SQRT(I37^2+J37^2)*(COS(RADIANS(($H$10-IF(I37=0,0,DEGREES(ATAN(J37/I37)))))))) | N37: =IF(B37=B36,0,F37*100/(B37-B36)) | O37: =E37+$F$7 | P37: =G37*((B37-B36)/2)*(SIN(C36*PI()/180)*COS(E36*PI()/180)+SIN(C37*PI()/180)*COS(E37*PI()/180)) | Q37: =G37*((B37-B36)/2)*(SIN(C36*PI()/180)*SIN(E36*PI()/180)+SIN(C37*PI()/180)*SIN(E37*PI()/180)) | R37: =SQRT(P37^2+Q37^2) | S37: =IF(AND(P37=0,Q37=0),0,IF(AND(P37>=0,Q37>=0),ATAN(Q37/P37)*(180/PI()),IF(AND(P37<0,Q37>=0),ATAN(Q37/P37)*(180/PI())+180,IF(AND(P37<0,Q37<0),ATAN(Q37/P37)*(180/PI())+180,ATAN(Q37/P37)*(180/PI())+360)))) | T37: =M37 | U37: =(-H37) | V37: =IF($V$13=1,V$15-I37,V$15+I37) | W37: =IF($W$13=1,W$15-J37,W$15+J37) | X37: =SQRT((W37-$S$186)^2+(V37-$S$186)^2)
A38: ='Casing Review'!D59 | E38: =IF($H$7="M",D38+$H$8-$H$9,IF( AND($H$7="T",$A$45="g"),D38-$H$9,IF(AND($H$7="g",$A$45="t"),D38+$H$9,D38))) | F38: =IF(C38=C37,0,ACOS(COS(C37*PI()/180)*COS(C38*PI()/180)+(SIN(C37*PI()/180)*SIN(C38*PI()/180))*COS((E38-E37)*PI()/180))*180/PI()) | G38: =IF(F38=0,1,(2/F38)*(180/PI())*TAN(F38*PI()/180/2)) | H38: =H37+(G38*((B38-B37)/2*(COS(C37*PI()/180)+COS(C38*PI()/180)))) | I38: =I37+G38*((B38-B37)/2)*(SIN(C37*PI()/180)*COS(E37*PI()/180)+SIN(C38*PI()/180)*COS(E38*PI()/180)) | J38: =J37+G38*((B38-B37)/2)*(SIN(C37*PI()/180)*SIN(E37*PI()/180)+SIN(C38*PI()/180)*SIN(E38*PI()/180)) | K38: =SQRT(I38^2+J38^2) | L38: =IF(AND(I38=0,J38=0),0,(IF(AND(I38>=0,J38>=0),ATAN(J38/I38)*(180/PI()),IF(AND(I38<0,J38>=0),ATAN(J38/I38)*(180/PI())+180,IF(AND(I38<0,J38<0),ATAN(J38/I38)*(180/PI())+180,ATAN(J38/I38)*(180/PI())+360))))) | M38: =ABS(SQRT(I38^2+J38^2)*(COS(RADIANS(($H$10-IF(I38=0,0,DEGREES(ATAN(J38/I38)))))))) | N38: =IF(B38=B37,0,F38*100/(B38-B37)) | O38: =E38+$F$7 | P38: =G38*((B38-B37)/2)*(SIN(C37*PI()/180)*COS(E37*PI()/180)+SIN(C38*PI()/180)*COS(E38*PI()/180)) | Q38: =G38*((B38-B37)/2)*(SIN(C37*PI()/180)*SIN(E37*PI()/180)+SIN(C38*PI()/180)*SIN(E38*PI()/180)) | R38: =SQRT(P38^2+Q38^2) | S38: =IF(AND(P38=0,Q38=0),0,IF(AND(P38>=0,Q38>=0),ATAN(Q38/P38)*(180/PI()),IF(AND(P38<0,Q38>=0),ATAN(Q38/P38)*(180/PI())+180,IF(AND(P38<0,Q38<0),ATAN(Q38/P38)*(180/PI())+180,ATAN(Q38/P38)*(180/PI())+360)))) | T38: =M38 | U38: =(-H38) | V38: =IF($V$13=1,V$15-I38,V$15+I38) | W38: =IF($W$13=1,W$15-J38,W$15+J38) | X38: =SQRT((W38-$S$186)^2+(V38-$S$186)^2)
A39: ='Casing Review'!D61 | E39: =IF($H$7="M",D39+$H$8-$H$9,IF( AND($H$7="T",$A$45="g"),D39-$H$9,IF(AND($H$7="g",$A$45="t"),D39+$H$9,D39))) | F39: =IF(C39=C38,0,ACOS(COS(C38*PI()/180)*COS(C39*PI()/180)+(SIN(C38*PI()/180)*SIN(C39*PI()/180))*COS((E39-E38)*PI()/180))*180/PI()) | G39: =IF(F39=0,1,(2/F39)*(180/PI())*TAN(F39*PI()/180/2)) | H39: =H38+(G39*((B39-B38)/2*(COS(C38*PI()/180)+COS(C39*PI()/180)))) | I39: =I38+G39*((B39-B38)/2)*(SIN(C38*PI()/180)*COS(E38*PI()/180)+SIN(C39*PI()/180)*COS(E39*PI()/180)) | J39: =J38+G39*((B39-B38)/2)*(SIN(C38*PI()/180)*SIN(E38*PI()/180)+SIN(C39*PI()/180)*SIN(E39*PI()/180)) | K39: =SQRT(I39^2+J39^2) | L39: =IF(AND(I39=0,J39=0),0,(IF(AND(I39>=0,J39>=0),ATAN(J39/I39)*(180/PI()),IF(AND(I39<0,J39>=0),ATAN(J39/I39)*(180/PI())+180,IF(AND(I39<0,J39<0),ATAN(J39/I39)*(180/PI())+180,ATAN(J39/I39)*(180/PI())+360))))) | M39: =ABS(SQRT(I39^2+J39^2)*(COS(RADIANS(($H$10-IF(I39=0,0,DEGREES(ATAN(J39/I39)))))))) | N39: =IF(B39=B38,0,F39*100/(B39-B38)) | O39: =E39+$F$7 | P39: =G39*((B39-B38)/2)*(SIN(C38*PI()/180)*COS(E38*PI()/180)+SIN(C39*PI()/180)*COS(E39*PI()/180)) | Q39: =G39*((B39-B38)/2)*(SIN(C38*PI()/180)*SIN(E38*PI()/180)+SIN(C39*PI()/180)*SIN(E39*PI()/180)) | R39: =SQRT(P39^2+Q39^2) | S39: =IF(AND(P39=0,Q39=0),0,IF(AND(P39>=0,Q39>=0),ATAN(Q39/P39)*(180/PI()),IF(AND(P39<0,Q39>=0),ATAN(Q39/P39)*(180/PI())+180,IF(AND(P39<0,Q39<0),ATAN(Q39/P39)*(180/PI())+180,ATAN(Q39/P39)*(180/PI())+360)))) | T39: =M39 | U39: =(-H39) | V39: =IF($V$13=1,V$15-I39,V$15+I39) | W39: =IF($W$13=1,W$15-J39,W$15+J39) | X39: =SQRT((W39-$S$186)^2+(V39-$S$186)^2)
E40: =IF($H$7="M",D40+$H$8-$H$9,IF( AND($H$7="T",$A$45="g"),D40-$H$9,IF(AND($H$7="g",$A$45="t"),D40+$H$9,D40))) | F40: =IF(C40=C39,0,ACOS(COS(C39*PI()/180)*COS(C40*PI()/180)+(SIN(C39*PI()/180)*SIN(C40*PI()/180))*COS((E40-E39)*PI()/180))*180/PI()) | G40: =IF(F40=0,1,(2/F40)*(180/PI())*TAN(F40*PI()/180/2)) | H40: =H39+(G40*((B40-B39)/2*(COS(C39*PI()/180)+COS(C40*PI()/180)))) | I40: =I39+G40*((B40-B39)/2)*(SIN(C39*PI()/180)*COS(E39*PI()/180)+SIN(C40*PI()/180)*COS(E40*PI()/180)) | J40: =J39+G40*((B40-B39)/2)*(SIN(C39*PI()/180)*SIN(E39*PI()/180)+SIN(C40*PI()/180)*SIN(E40*PI()/180)) | K40: =SQRT(I40^2+J40^2) | L40: =IF(AND(I40=0,J40=0),0,(IF(AND(I40>=0,J40>=0),ATAN(J40/I40)*(180/PI()),IF(AND(I40<0,J40>=0),ATAN(J40/I40)*(180/PI())+180,IF(AND(I40<0,J40<0),ATAN(J40/I40)*(180/PI())+180,ATAN(J40/I40)*(180/PI())+360))))) | M40: =ABS(SQRT(I40^2+J40^2)*(COS(RADIANS(($H$10-IF(I40=0,0,DEGREES(ATAN(J40/I40)))))))) | N40: =IF(B40=B39,0,F40*100/(B40-B39)) | O40: =E40+$F$7 | P40: =G40*((B40-B39)/2)*(SIN(C39*PI()/180)*COS(E39*PI()/180)+SIN(C40*PI()/180)*COS(E40*PI()/180)) | Q40: =G40*((B40-B39)/2)*(SIN(C39*PI()/180)*SIN(E39*PI()/180)+SIN(C40*PI()/180)*SIN(E40*PI()/180)) | R40: =SQRT(P40^2+Q40^2) | S40: =IF(AND(P40=0,Q40=0),0,IF(AND(P40>=0,Q40>=0),ATAN(Q40/P40)*(180/PI()),IF(AND(P40<0,Q40>=0),ATAN(Q40/P40)*(180/PI())+180,IF(AND(P40<0,Q40<0),ATAN(Q40/P40)*(180/PI())+180,ATAN(Q40/P40)*(180/PI())+360)))) | T40: =M40 | U40: =(-H40) | V40: =IF($V$13=1,V$15-I40,V$15+I40) | W40: =IF($W$13=1,W$15-J40,W$15+J40) | X40: =SQRT((W40-$S$186)^2+(V40-$S$186)^2)
E41: =IF($H$7="M",D41+$H$8-$H$9,IF( AND($H$7="T",$A$45="g"),D41-$H$9,IF(AND($H$7="g",$A$45="t"),D41+$H$9,D41))) | F41: =IF(C41=C40,0,ACOS(COS(C40*PI()/180)*COS(C41*PI()/180)+(SIN(C40*PI()/180)*SIN(C41*PI()/180))*COS((E41-E40)*PI()/180))*180/PI()) | G41: =IF(F41=0,1,(2/F41)*(180/PI())*TAN(F41*PI()/180/2)) | H41: =H40+(G41*((B41-B40)/2*(COS(C40*PI()/180)+COS(C41*PI()/180)))) | I41: =I40+G41*((B41-B40)/2)*(SIN(C40*PI()/180)*COS(E40*PI()/180)+SIN(C41*PI()/180)*COS(E41*PI()/180)) | J41: =J40+G41*((B41-B40)/2)*(SIN(C40*PI()/180)*SIN(E40*PI()/180)+SIN(C41*PI()/180)*SIN(E41*PI()/180)) | K41: =SQRT(I41^2+J41^2) | L41: =IF(AND(I41=0,J41=0),0,(IF(AND(I41>=0,J41>=0),ATAN(J41/I41)*(180/PI()),IF(AND(I41<0,J41>=0),ATAN(J41/I41)*(180/PI())+180,IF(AND(I41<0,J41<0),ATAN(J41/I41)*(180/PI())+180,ATAN(J41/I41)*(180/PI())+360))))) | M41: =ABS(SQRT(I41^2+J41^2)*(COS(RADIANS(($H$10-IF(I41=0,0,DEGREES(ATAN(J41/I41)))))))) | N41: =IF(B41=B40,0,F41*100/(B41-B40)) | O41: =E41+$F$7 | P41: =G41*((B41-B40)/2)*(SIN(C40*PI()/180)*COS(E40*PI()/180)+SIN(C41*PI()/180)*COS(E41*PI()/180)) | Q41: =G41*((B41-B40)/2)*(SIN(C40*PI()/180)*SIN(E40*PI()/180)+SIN(C41*PI()/180)*SIN(E41*PI()/180)) | R41: =SQRT(P41^2+Q41^2) | S41: =IF(AND(P41=0,Q41=0),0,IF(AND(P41>=0,Q41>=0),ATAN(Q41/P41)*(180/PI()),IF(AND(P41<0,Q41>=0),ATAN(Q41/P41)*(180/PI())+180,IF(AND(P41<0,Q41<0),ATAN(Q41/P41)*(180/PI())+180,ATAN(Q41/P41)*(180/PI())+360)))) | T41: =M41 | U41: =(-H41) | V41: =IF($V$13=1,V$15-I41,V$15+I41) | W41: =IF($W$13=1,W$15-J41,W$15+J41) | X41: =SQRT((W41-$S$186)^2+(V41-$S$186)^2)
E42: =IF($H$7="M",D42+$H$8-$H$9,IF( AND($H$7="T",$A$45="g"),D42-$H$9,IF(AND($H$7="g",$A$45="t"),D42+$H$9,D42))) | F42: =IF(C42=C41,0,ACOS(COS(C41*PI()/180)*COS(C42*PI()/180)+(SIN(C41*PI()/180)*SIN(C42*PI()/180))*COS((E42-E41)*PI()/180))*180/PI()) | G42: =IF(F42=0,1,(2/F42)*(180/PI())*TAN(F42*PI()/180/2)) | H42: =H41+(G42*((B42-B41)/2*(COS(C41*PI()/180)+COS(C42*PI()/180)))) | I42: =I41+G42*((B42-B41)/2)*(SIN(C41*PI()/180)*COS(E41*PI()/180)+SIN(C42*PI()/180)*COS(E42*PI()/180)) | J42: =J41+G42*((B42-B41)/2)*(SIN(C41*PI()/180)*SIN(E41*PI()/180)+SIN(C42*PI()/180)*SIN(E42*PI()/180)) | K42: =SQRT(I42^2+J42^2) | L42: =IF(AND(I42=0,J42=0),0,(IF(AND(I42>=0,J42>=0),ATAN(J42/I42)*(180/PI()),IF(AND(I42<0,J42>=0),ATAN(J42/I42)*(180/PI())+180,IF(AND(I42<0,J42<0),ATAN(J42/I42)*(180/PI())+180,ATAN(J42/I42)*(180/PI())+360))))) | M42: =ABS(SQRT(I42^2+J42^2)*(COS(RADIANS(($H$10-IF(I42=0,0,DEGREES(ATAN(J42/I42)))))))) | N42: =IF(B42=B41,0,F42*100/(B42-B41)) | O42: =E42+$F$7 | P42: =G42*((B42-B41)/2)*(SIN(C41*PI()/180)*COS(E41*PI()/180)+SIN(C42*PI()/180)*COS(E42*PI()/180)) | Q42: =G42*((B42-B41)/2)*(SIN(C41*PI()/180)*SIN(E41*PI()/180)+SIN(C42*PI()/180)*SIN(E42*PI()/180)) | R42: =SQRT(P42^2+Q42^2) | S42: =IF(AND(P42=0,Q42=0),0,IF(AND(P42>=0,Q42>=0),ATAN(Q42/P42)*(180/PI()),IF(AND(P42<0,Q42>=0),ATAN(Q42/P42)*(180/PI())+180,IF(AND(P42<0,Q42<0),ATAN(Q42/P42)*(180/PI())+180,ATAN(Q42/P42)*(180/PI())+360)))) | T42: =M42 | U42: =(-H42) | V42: =IF($V$13=1,V$15-I42,V$15+I42) | W42: =IF($W$13=1,W$15-J42,W$15+J42) | X42: =SQRT((W42-$S$186)^2+(V42-$S$186)^2)
A44: Plat North Ref | B44: =MAX(B16:B42) | H44: =VLOOKUP($B$44,$B$16:$V$42,7) | I44: =VLOOKUP($B$44,$B$16:$V$42,8) | J44: =VLOOKUP($B$44,$B$16:$V$42,9) | K44: =VLOOKUP($B$44,$B$16:$V$42,10)
A45: G | B45: At Bottom-hole Location | G45: OFFSET | H45: n | I45: BHL Offset | J45: n | U45: Prod. Interval
B46: FNL | C46: FSL | D46: FEL | E46: FWL | G46: N/S | H46: E/W | I46: N/S | J46: E/W | U46: =IF(H45="y",'SHL Section'!I9-G47,'SHL Section'!I9) | V46: ='SHL Section'!J9 | W46: =IF(H45="y",'SHL Section'!K9-H47,'SHL Section'!K9) | X46: ='SHL Section'!L9
A47: Surface Location | C47: 560 | D47: 804
A48: Proposed BHL | C48: 330 | E48: 660
U49: Total Depth
U50: =IF(H45="y",'SHL Section'!I10-G47,IF(J45="y",'SHL Section'!I10+I47,'SHL Section'!I10)) | V50: ='SHL Section'!J10 | W50: =IF(H45="y",'SHL Section'!K10-H47,IF(J45="Y",'SHL Section'!K10+J47,'SHL Section'!K10)) | X50: ='SHL Section'!L10
B56: Build and Drop | F56: Setting depths | H56: TVD
B57: KOP | E57: Casing1 A | F57: ='Casing Review'!D12 | H57: =IF('Casing Review'!E$9="n",'Casing Review'!D12,IF('Casing Review'!$E$7="N",VLOOKUP(DxSurvey!F57,DxSurvey!B$16:H$53,7,FALSE),IF(AND(F57>F$72,F57<F$70),F$72+N$57*SIN(RADIANS((F57-F$72)/100*D$58)),IF(AND(F57>F$70,F57<F$73),F$72+N$57*SIN(RADIANS(D$60))+COS(RADIANS(D$60))*(F57-F$70),IF(AND(F57>F$73,F57<F$71),F$72+N$57*SIN(RADIANS(D$60))+COS(RADIANS(D$60))*(F$73-F$70)+SIN(RADIANS((F57-F$73)/100*D$64)),IF(F57>F$71,F$72+N$57*SIN(RADIANS(D$60))+COS(RADIANS(D$60))*(F$73-F$70)+#REF!*SIN(RADIANS(D$60))+F57-F$71,F57))))))
B58: Build angle | E58: Casing 1B | F58: ='Casing Review'!D14 | H58: =IF('Casing Review'!E$9="n",'Casing Review'!D14,IF('Casing Review'!$E$7="N",VLOOKUP(DxSurvey!F58,DxSurvey!B$16:H$53,7,FALSE),IF(AND(F58>F$72,F58<F$70),F$72+N$57*SIN(RADIANS((F58-F$72)/100*D$58)),IF(AND(F58>F$70,F58<F$73),F$72+N$57*SIN(RADIANS(D$60))+COS(RADIANS(D$60))*(F58-F$70),IF(AND(F58>F$73,F58<F$71),F$72+N$57*SIN(RADIANS(D$60))+COS(RADIANS(D$60))*(F$73-F$70)+SIN(RADIANS((F58-F$73)/100*D$64)),IF(F58>F$71,F$72+N$57*SIN(RADIANS(D$60))+COS(RADIANS(D$60))*(F$73-F$70)+#REF!*SIN(RADIANS(D$60))+F58-F$71,F58))))))
B59: Horizontal Departure | E59: Casing 1C | F59: ='Casing Review'!D16 | H59: =IF('Casing Review'!E$9="n",'Casing Review'!D16,IF('Casing Review'!$E$7="N",VLOOKUP(DxSurvey!F59,DxSurvey!B$16:H$53,7,FALSE),IF(AND(F59>F$72,F59<F$70),F$72+N$57*SIN(RADIANS((F59-F$72)/100*D$58)),IF(AND(F59>F$70,F59<F$73),F$72+N$57*SIN(RADIANS(D$60))+COS(RADIANS(D$60))*(F59-F$70),IF(AND(F59>F$73,F59<F$71),F$72+N$57*SIN(RADIANS(D$60))+COS(RADIANS(D$60))*(F$73-F$70)+SIN(RADIANS((F59-F$73)/100*D$64)),IF(F59>F$71,F$72+N$57*SIN(RADIANS(D$60))+COS(RADIANS(D$60))*(F$73-F$70)+#REF!*SIN(RADIANS(D$60))+F59-F$71,F59))))))
B60: Max inclination | E60: Casing 2A | F60: ='Casing Review'!D27 | H60: =IF('Casing Review'!E$9="n",'Casing Review'!D27,IF('Casing Review'!$E$7="N",VLOOKUP(DxSurvey!F60,DxSurvey!B$16:H$53,7,FALSE),IF(AND(F60>F$72,F60<F$70),F$72+N$57*SIN(RADIANS((F60-F$72)/100*D$58)),IF(AND(F60>F$70,F60<F$73),F$72+N$57*SIN(RADIANS(D$60))+COS(RADIANS(D$60))*(F60-F$70),IF(AND(F60>F$73,F60<F$71),F$72+N$57*SIN(RADIANS(D$60))+COS(RADIANS(D$60))*(F$73-F$70)+SIN(RADIANS((F60-F$73)/100*D$64)),IF(F60>F$71,F$72+N$57*SIN(RADIANS(D$60))+COS(RADIANS(D$60))*(F$73-F$70)+#REF!*SIN(RADIANS(D$60))+F60-F$71,F60))))))
B61: Drop Depth | E61: Casing 2B | F61: ='Casing Review'!D29 | H61: =IF('Casing Review'!E$9="n",'Casing Review'!D29,IF('Casing Review'!$E$7="N",VLOOKUP(DxSurvey!F61,DxSurvey!B$16:H$53,7,FALSE),IF(AND(F61>F$72,F61<F$70),F$72+N$57*SIN(RADIANS((F61-F$72)/100*D$58)),IF(AND(F61>F$70,F61<F$73),F$72+N$57*SIN(RADIANS(D$60))+COS(RADIANS(D$60))*(F61-F$70),IF(AND(F61>F$73,F61<F$71),F$72+N$57*SIN(RADIANS(D$60))+COS(RADIANS(D$60))*(F$73-F$70)+SIN(RADIANS((F61-F$73)/100*D$64)),IF(F61>F$71,F$72+N$57*SIN(RADIANS(D$60))+COS(RADIANS(D$60))*(F$73-F$70)+#REF!*SIN(RADIANS(D$60))+F61-F$71,F61))))))
B62: Hold Depth | E62: Casing 2C | F62: ='Casing Review'!D31 | H62: =IF('Casing Review'!E$9="n",'Casing Review'!D31,IF('Casing Review'!$E$7="N",VLOOKUP(DxSurvey!F62,DxSurvey!B$16:H$53,7,FALSE),IF(AND(F62>F$72,F62<F$70),F$72+N$57*SIN(RADIANS((F62-F$72)/100*D$58)),IF(AND(F62>F$70,F62<F$73),F$72+N$57*SIN(RADIANS(D$60))+COS(RADIANS(D$60))*(F62-F$70),IF(AND(F62>F$73,F62<F$71),F$72+N$57*SIN(RADIANS(D$60))+COS(RADIANS(D$60))*(F$73-F$70)+SIN(RADIANS((F62-F$73)/100*D$64)),IF(F62>F$71,F$72+N$57*SIN(RADIANS(D$60))+COS(RADIANS(D$60))*(F$73-F$70)+#REF!*SIN(RADIANS(D$60))+F62-F$71,F62))))))
B63: Build 2 | E63: Casing 3A | F63: ='Casing Review'!D42 | H63: =IF('Casing Review'!E$9="n",'Casing Review'!D42,IF('Casing Review'!$E$7="N",VLOOKUP(DxSurvey!F63,DxSurvey!B$16:H$53,7,FALSE),IF(AND(F63>F$72,F63<F$70),F$72+N$57*SIN(RADIANS((F63-F$72)/100*D$58)),IF(AND(F63>F$70,F63<F$73),F$72+N$57*SIN(RADIANS(D$60))+COS(RADIANS(D$60))*(F63-F$70),IF(AND(F63>F$73,F63<F$71),F$72+N$57*SIN(RADIANS(D$60))+COS(RADIANS(D$60))*(F$73-F$70)+SIN(RADIANS((F63-F$73)/100*D$64)),IF(F63>F$71,F$72+N$57*SIN(RADIANS(D$60))+COS(RADIANS(D$60))*(F$73-F$70)+#REF!*SIN(RADIANS(D$60))+F63-F$71,F63))))))
B64: drop angle | E64: Casing 3B | F64: ='Casing Review'!D44 | H64: =IF('Casing Review'!E$9="n",'Casing Review'!D44,IF('Casing Review'!$E$7="N",VLOOKUP(DxSurvey!F64,DxSurvey!B$16:H$53,7,FALSE),IF(AND(F64>F$72,F64<F$70),F$72+N$57*SIN(RADIANS((F64-F$72)/100*D$58)),IF(AND(F64>F$70,F64<F$73),F$72+N$57*SIN(RADIANS(D$60))+COS(RADIANS(D$60))*(F64-F$70),IF(AND(F64>F$73,F64<F$71),F$72+N$57*SIN(RADIANS(D$60))+COS(RADIANS(D$60))*(F$73-F$70)+SIN(RADIANS((F64-F$73)/100*D$64)),IF(F64>F$71,F$72+N$57*SIN(RADIANS(D$60))+COS(RADIANS(D$60))*(F$73-F$70)+#REF!*SIN(RADIANS(D$60))+F64-F$71,F64))))))
B65: azimuth | E65: Casing 3C | F65: ='Casing Review'!D46 | H65: =IF('Casing Review'!E$9="n",'Casing Review'!D46,IF('Casing Review'!$E$7="N",VLOOKUP(DxSurvey!F65,DxSurvey!B$16:H$53,7,FALSE),IF(AND(F65>F$72,F65<F$70),F$72+N$57*SIN(RADIANS((F65-F$72)/100*D$58)),IF(AND(F65>F$70,F65<F$73),F$72+N$57*SIN(RADIANS(D$60))+COS(RADIANS(D$60))*(F65-F$70),IF(AND(F65>F$73,F65<F$71),F$72+N$57*SIN(RADIANS(D$60))+COS(RADIANS(D$60))*(F$73-F$70)+SIN(RADIANS((F65-F$73)/100*D$64)),IF(F65>F$71,F$72+N$57*SIN(RADIANS(D$60))+COS(RADIANS(D$60))*(F$73-F$70)+#REF!*SIN(RADIANS(D$60))+F65-F$71,F65))))))
E66: Casing 4A | F66: ='Casing Review'!D57 | H66: =IF('Casing Review'!E$9="n",'Casing Review'!D57,IF('Casing Review'!$E$7="N",VLOOKUP(DxSurvey!F66,DxSurvey!B$16:H$53,7,FALSE),IF(AND(F66>F$72,F66<F$70),F$72+N$57*SIN(RADIANS((F66-F$72)/100*D$58)),IF(AND(F66>F$70,F66<F$73),F$72+N$57*SIN(RADIANS(D$60))+COS(RADIANS(D$60))*(F66-F$70),IF(AND(F66>F$73,F66<F$71),F$72+N$57*SIN(RADIANS(D$60))+COS(RADIANS(D$60))*(F$73-F$70)+SIN(RADIANS((F66-F$73)/100*D$64)),IF(F66>F$71,F$72+N$57*SIN(RADIANS(D$60))+COS(RADIANS(D$60))*(F$73-F$70)+#REF!*SIN(RADIANS(D$60))+F66-F$71,F66))))))
B67: 1100 | C67: =IF(AND(B67>D$57,B67<D$62),IF((B67-D$57)/100*D$58<D$60,(B67-D$57)/100*D$58,D$60),IF(AND(B67>D$62,(B67-D$62)/100*D$64>0),(B67-D$62)/100*D$64+D$62, 0)) | D67: =D65 | E67: Casing 4B | F67: ='Casing Review'!D59 | H67: =IF('Casing Review'!E$9="n",'Casing Review'!D59,IF('Casing Review'!$E$7="N",VLOOKUP(DxSurvey!F67,DxSurvey!B$16:H$53,7,FALSE),IF(AND(F67>F$72,F67<F$70),F$72+N$57*SIN(RADIANS((F67-F$72)/100*D$58)),IF(AND(F67>F$70,F67<F$73),F$72+N$57*SIN(RADIANS(D$60))+COS(RADIANS(D$60))*(F67-F$70),IF(AND(F67>F$73,F67<F$71),F$72+N$57*SIN(RADIANS(D$60))+COS(RADIANS(D$60))*(F$73-F$70)+SIN(RADIANS((F67-F$73)/100*D$64)),IF(F67>F$71,F$72+N$57*SIN(RADIANS(D$60))+COS(RADIANS(D$60))*(F$73-F$70)+#REF!*SIN(RADIANS(D$60))+F67-F$71,F67))))))
B68: =F57 | C68: =IF(AND(B68>D$57,B68<D$62),IF((B68-D$57)/100*D$58<D$60,(B68-D$57)/100*D$58,D$60),IF(AND(B68>D$62,(B68-D$62)/100*D$64>0),(B68-D$62)/100*D$64+D$62, 0)) | D68: =D67 | E68: Casing 4C | F68: ='Casing Review'!D61 | H68: =IF('Casing Review'!E$9="n",'Casing Review'!D61,IF('Casing Review'!$E$7="N",VLOOKUP(DxSurvey!F68,DxSurvey!B$16:H$53,7,FALSE),IF(AND(F68>F$72,F68<F$70),F$72+N$57*SIN(RADIANS((F68-F$72)/100*D$58)),IF(AND(F68>F$70,F68<F$73),F$72+N$57*SIN(RADIANS(D$60))+COS(RADIANS(D$60))*(F68-F$70),IF(AND(F68>F$73,F68<F$71),F$72+N$57*SIN(RADIANS(D$60))+COS(RADIANS(D$60))*(F$73-F$70)+SIN(RADIANS((F68-F$73)/100*D$64)),IF(F68>F$71,F$72+N$57*SIN(RADIANS(D$60))+COS(RADIANS(D$60))*(F$73-F$70)+#REF!*SIN(RADIANS(D$60))+F68-F$71,F68))))))
B69: 1740.5 | C69: =IF(AND(B69>D$57,B69<D$62),IF((B69-D$57)/100*D$58<D$60,(B69-D$57)/100*D$58,D$60),IF(AND(B69>D$62,(B69-D$62)/100*D$64>0),(B69-D$62)/100*D$64+D$62, 0)) | D69: =D68 | E69: TOL | F69: ='Casing Review'!B69 | H69: =IF('Casing Review'!E$9="n",'Casing Review'!B69,IF('Casing Review'!$E$7="N",VLOOKUP(DxSurvey!F69,DxSurvey!B$16:H$53,7,FALSE),IF(AND(F69>F$72,F69<F$70),F$72+N$57*SIN(RADIANS((F69-F$72)/100*D$58)),IF(AND(F69>F$70,F69<F$73),F$72+N$57*SIN(RADIANS(D$60))+COS(RADIANS(D$60))*(F69-F$70),IF(AND(F69>F$73,F69<F$71),F$72+N$57*SIN(RADIANS(D$60))+COS(RADIANS(D$60))*(F$73-F$70)+SIN(RADIANS((F69-F$73)/100*D$64)),IF(F69>F$71,F$72+N$57*SIN(RADIANS(D$60))+COS(RADIANS(D$60))*(F$73-F$70)+#REF!*SIN(RADIANS(D$60))+F69-F$71,F69))))))
B70: =F60 | C70: =IF(AND(B70>D$57,B70<D$62),IF((B70-D$57)/100*D$58<D$60,(B70-D$57)/100*D$58,D$60),IF(AND(B70>D$62,(B70-D$62)/100*D$64>0),(B70-D$62)/100*D$64+D$62, 0)) | D70: 0.31 | E70: D2 | F70: =D60/D58*100+D57 | H70: =F$72+N$57*SIN(RADIANS(D60))
E71: D4 | F71: =IF(D64>0,D60/D64*100+D62, 0) | H71: =F$72+N$57*SIN(RADIANS(D$60))+COS(RADIANS(D$60))*(F$73-F$70)+#REF!*SIN(RADIANS(D$60))
E72: D1 | F72: =D57 | H72: =IF(AND(F72>F$72,F72<F$70),F$72+N$57*SIN(RADIANS((F72-F$72)/100*D$58)),IF(AND(F72>F$70,F72<F$73),F$72+N$57*SIN(RADIANS(D$60)),IF(AND(F72>F$73,F72<F$71),F$72+N$57*SIN(RADIANS(D$60))+COS(RADIANS((F72-F$73)/N61))+SIN(RADIANS((F72-F$73)/100*D$64)),IF(F72>F$71,F$72+N$57*SIN(RADIANS(D$60))+N$57*(COS(RADIANS((F72-F$73)/N$57)))+#REF!*(SIN(RADIANS((F72-F$73)/100*D$64)))+F72-F$71,F72))))
E73: D3 | F73: =D62 | H73: =F$72+N$57*SIN(RADIANS(D60))+COS(RADIANS(D$60))*(F73-F$70)
H74: =IF(AND(F74>F$72,F74<F$70),F$72+N$57*SIN(RADIANS((F74-F$72)/100*D$58)),IF(AND(F74>F$70,F74<F$73),F$72+N$57*SIN(RADIANS(D$60))+COS(RADIANS(D$60))*(F74-F$70),IF(AND(F74>F$73,F74<F$71),F$72+N$57*SIN(RADIANS(D$60))+COS(RADIANS(D$60))*(F$73-F$70)+SIN(RADIANS((F74-F$73)/100*D$64)),IF(F74>F$71,F$72+N$57*SIN(RADIANS(D$60))+COS(RADIANS(D$60))*(F$73-F$70)+#REF!*SIN(RADIANS(D$60))+F74-F$71,F74))))
B75: =F66 | C75: =IF(AND(B75>D$57,B75<D$62),IF((B75-D$57)/100*D$58<D$60,(B75-D$57)/100*D$58,D$60),IF(AND(B75>D$62,(B75-D$62)/100*D$64>0),(B75-D$62)/100*D$64+D$62, 0)) | D75: 0.31
G78: 4.5

Sheet Vertical WBD
AD87: ='Casing Review'!$B$4 | AU87: ='Casing Review'!$B$4 | BL87: ='Casing Review'!$B$4 | CC87: ='Casing Review'!$B$4
AD88: ='Casing Review'!$B$5 | AU88: ='Casing Review'!$B$5 | BL88: ='Casing Review'!$B$5 | CC88: ='Casing Review'!$B$5
AD89: ='Casing Review'!$B$6 | AU89: ='Casing Review'!$B$6 | BL89: ='Casing Review'!$B$6 | CC89: ='Casing Review'!$B$6
AQ90: Formation | AR90: Depth (MD) | BG90: Formation | BH90: Depth (MD) | BX90: Formation | BY90: Depth (MD) | CO90: Formation | CP90: Depth (MD)
AD91: ='Casing Review'!C12 | AE91: " Casing | AH91: =IF($AE$141=0,"<","") | AN91: =IF($AE$141=0,">","") | AQ91: =IF(VLOOKUP(0,Formations!$A3:$C$25,1)=0,VLOOKUP(0,Formations!$A$3:$C$25,2)," ") | AR91: =IF(VLOOKUP(0,Formations!$A3:$C$25,1)=0,VLOOKUP(0,Formations!$A$3:$C$25,3)," ") | AU91: ='Casing Review'!C12 | AV91: " Casing | AY91: =IF(AV141=0,"<","") | BE91: =IF(AV141=0,">","") | BG91: =IF(VLOOKUP(0,Formations!$A3:$C$25,1)=0,VLOOKUP(0,Formations!$A$3:$C$25,2)," ") | BH91: =IF(VLOOKUP(0,Formations!$A3:$C$25,1)=0,VLOOKUP(0,Formations!$A$3:$C$25,3)," ") | BL91: ='Casing Review'!C12 | BM91: " Casing | BO91: =IF($BY187=0,"<","") | BW91: =IF($BY187=0,">","") | BX91: =IF(VLOOKUP(0,Formations!$A3:$C$25,1)=0,VLOOKUP(0,Formations!$A$3:$C$25,2)," ") | BY91: =IF(VLOOKUP(0,Formations!$A3:$C$25,1)=0,VLOOKUP(0,Formations!$A$3:$C$25,3)," ") | CG91: =IF($CD$141=0,"<","") | CM91: =IF($CD$141=0,">","") | CO91: =IF(VLOOKUP(0,Formations!$A3:$C$25,1)=0,VLOOKUP(0,Formations!$A$3:$C$25,2)," ") | CP91: =IF(VLOOKUP(0,Formations!$A3:$C$25,1)=0,VLOOKUP(0,Formations!$A$3:$C$25,3)," ")
AD92: =MAX('Casing Review'!$D$12:$D$16) | AE92: ' MD | AH92: =IF($AE141<$AD$135,IF($AE141>$AE142,"<",""),"") | AI92: =IF($AR141<$AQ$135,IF($AR141>$AR142,"<",""),"") | AM92: =IF($AR141<$AQ$135,IF($AR141>$AR142,">",""),"") | AN92: =IF($AE141<$AD$135,IF($AE141>$AE142,">",""),"") | AQ92: =IF(VLOOKUP(1,Formations!$A$3:$C$25,1)=1,VLOOKUP(1,Formations!$A$3:$C$25,2)," ") | AR92: =IF(VLOOKUP(1,Formations!$A$3:$C$25,1)=1,VLOOKUP(1,Formations!$A$3:$C$25,3)," ") | AU92: =MAX('Casing Review'!$D$12:$D$16) | AV92: ' MD | AY92: =IF($AV141<$AU$135,IF($AV141>$AV142,"<",""),"") | AZ92: =IF($BH141<$BG$135,IF($BH141>$BH142,"<",""),"") | BA92: =IF($BZ$115>$AV161,IF($BZ$115<$AV162+0.1,"X",""),"") | BC92: =IF($BZ$115>$AV161,IF($BZ$115<$AV162+0.1,"X",""),"") | BD92: =IF($BH141<$BG$135,IF($BH141>$BH142,">",""),"") | BE92: =IF($AV141<$AU$135,IF($AV141>$AV142,">",""),"") | BG92: =IF(VLOOKUP(1,Formations!$A$3:$C$25,1)=1,VLOOKUP(1,Formations!$A$3:$C$25,2)," ") | BH92: =IF(VLOOKUP(1,Formations!$A$3:$C$25,1)=1,VLOOKUP(1,Formations!$A$3:$C$25,3)," ") | BL92: =MAX('Casing Review'!$D$12:$D$16) | BM92: ' MD | BO92: =IF($BY187<$BX$181,IF($BY187>$BY188,"<",""),"") | BP92: =IF($BM141<$BL$135,IF($BM141>$BM142,"<",""),"") | BQ92: =IF($BY141<$BX$135,IF($BY141>$BY142,"<",""),"") | BR92: =IF($BZ$115>$BM183,IF($BZ$115<$BM184+0.1,"X",""),"") | BT92: =IF($BZ$115>$BM183,IF($BZ$115<$BM184+0.1,"X",""),"") | BU92: =IF($BY141<$BX$135,IF($BY141>$BY142,">",""),"") | BV92: =IF($BM141<$BL$135,IF($BM141>$BM142,">",""),"") | BW92: =IF($BY187<$BX$181,IF($BY187>$BY188,">",""),"") | BX92: =IF(VLOOKUP(1,Formations!$A$3:$C$25,1)=1,VLOOKUP(1,Formations!$A$3:$C$25,2)," ") | BY92: =IF(VLOOKUP(1,Formations!$A$3:$C$25,1)=1,VLOOKUP(1,Formations!$A$3:$C$25,3)," ") | CG92: =IF($CD141<$CC$135,IF($CD141>$CD142,"<",""),"") | CM92: =IF($CD141<$CC$135,IF($CD141>$CD142,">",""),"") | CO92: =IF(VLOOKUP(1,Formations!$A$3:$C$25,1)=1,VLOOKUP(1,Formations!$A$3:$C$25,2)," ") | CP92: =IF(VLOOKUP(1,Formations!$A$3:$C$25,1)=1,VLOOKUP(1,Formations!$A$3:$C$25,3)," ")
AD93: ='Casing Review'!$B$19 | AE93: ' TVD | AH93: =IF($AE142<$AD$135,IF($AE142>$AE143,"<",""),"") | AI93: =IF($AR142<$AQ$135,IF($AR142>$AR143,"<",""),"") | AM93: =IF($AR142<$AQ$135,IF($AR142>$AR143,">",""),"") | AN93: =IF($AE142<$AD$135,IF($AE142>$AE143,">",""),"") | AQ93: =IF(VLOOKUP(2,Formations!$A$3:$C$25,1)=2,VLOOKUP(2,Formations!$A$3:$C$25,2)," ") | AR93: =IF(VLOOKUP(2,Formations!$A$3:$C$25,1)=2,VLOOKUP(2,Formations!$A$3:$C$25,3)," ") | AU93: ='Casing Review'!$B$19 | AV93: ' TVD | AY93: =IF($AV142<$AU$135,IF($AV142>$AV143,"<",""),"") | AZ93: =IF($BH142<$BG$135,IF($BH142>$BH143,"<",""),"") | BA93: =IF($BZ$115>$AV162,IF($BZ$115<$AV163+0.1,"X",""),"") | BC93: =IF($BZ$115>$AV162,IF($BZ$115<$AV163+0.1,"X",""),"") | BD93: =IF($BH142<$BG$135,IF($BH142>$BH143,">",""),"") | BE93: =IF($AV142<$AU$135,IF($AV142>$AV143,">",""),"") | BG93: =IF(VLOOKUP(2,Formations!$A$3:$C$25,1)=2,VLOOKUP(2,Formations!$A$3:$C$25,2)," ") | BH93: =IF(VLOOKUP(2,Formations!$A$3:$C$25,1)=2,VLOOKUP(2,Formations!$A$3:$C$25,3)," ") | BL93: ='Casing Review'!$B$19 | BM93: ' TVD | BO93: =IF($BY188<$BX$181,IF($BY188>$BY189,"<",""),"") | BP93: =IF($BM142<$BL$135,IF($BM142>$BM143,"<",""),"") | BQ93: =IF($BY142<$BX$135,IF($BY142>$BY143,"<",""),"") | BR93: =IF($BZ$115>$BM184,IF($BZ$115<$BM185+0.1,"X",""),"") | BT93: =IF($BZ$115>$BM184,IF($BZ$115<$BM185+0.1,"X",""),"") | BU93: =IF($BY142<$BX$135,IF($BY142>$BY143,">",""),"") | BV93: =IF($BM142<$BL$135,IF($BM142>$BM143,">",""),"") | BW93: =IF($BY188<$BX$181,IF($BY188>$BY189,">",""),"") | BX93: =IF(VLOOKUP(2,Formations!$A$3:$C$25,1)=2,VLOOKUP(2,Formations!$A$3:$C$25,2)," ") | BY93: =IF(VLOOKUP(2,Formations!$A$3:$C$25,1)=2,VLOOKUP(2,Formations!$A$3:$C$25,3)," ") | CG93: =IF($CD142<$CC$135,IF($CD142>$CD143,"<",""),"") | CM93: =IF($CD142<$CC$135,IF($CD142>$CD143,">",""),"") | CO93: =IF(VLOOKUP(2,Formations!$A$3:$C$25,1)=2,VLOOKUP(2,Formations!$A$3:$C$25,2)," ") | CP93: =IF(VLOOKUP(2,Formations!$A$3:$C$25,1)=2,VLOOKUP(2,Formations!$A$3:$C$25,3)," ")
AD94: ='Casing Review'!$R$12 | AE94: ' TOC | AH94: =IF($AE143<$AD$135,IF($AE143>$AE144,"<",""),"") | AI94: =IF($AR143<$AQ$135,IF($AR143>$AR144,"<",""),"") | AM94: =IF($AR143<$AQ$135,IF($AR143>$AR144,">",""),"") | AN94: =IF($AE143<$AD$135,IF($AE143>$AE144,">",""),"") | AQ94: =IF(VLOOKUP(3,Formations!$A$3:$C$25,1)=3,VLOOKUP(3,Formations!$A$3:$C$25,2)," ") | AR94: =IF(VLOOKUP(3,Formations!$A$3:$C$25,1)=3,VLOOKUP(3,Formations!$A$3:$C$25,3)," ") | AU94: ='Casing Review'!$R$12 | AV94: ' TOC | AY94: =IF($AV143<$AU$135,IF($AV143>$AV144,"<",""),"") | AZ94: =IF($BH143<$BG$135,IF($BH143>$BH144,"<",""),"") | BA94: =IF($BZ$115>$AV163,IF($BZ$115<$AV164+0.1,"X",""),"") | BC94: =IF($BZ$115>$AV163,IF($BZ$115<$AV164+0.1,"X",""),"") | BD94: =IF($BH143<$BG$135,IF($BH143>$BH144,">",""),"") | BE94: =IF($AV143<$AU$135,IF($AV143>$AV144,">",""),"") | BG94: =IF(VLOOKUP(3,Formations!$A$3:$C$25,1)=3,VLOOKUP(3,Formations!$A$3:$C$25,2)," ") | BH94: =IF(VLOOKUP(3,Formations!$A$3:$C$25,1)=3,VLOOKUP(3,Formations!$A$3:$C$25,3)," ") | BL94: ='Casing Review'!$R$12 | BM94: ' TOC | BO94: =IF($BY189<$BX$181,IF($BY189>$BY190,"<",""),"") | BP94: =IF($BM143<$BL$135,IF($BM143>$BM144,"<",""),"") | BQ94: =IF($BY143<$BX$135,IF($BY143>$BY144,"<",""),"") | BR94: =IF($BZ$115>$BM185,IF($BZ$115<$BM186+0.1,"X",""),"") | BT94: =IF($BZ$115>$BM185,IF($BZ$115<$BM186+0.1,"X",""),"") | BU94: =IF($BY143<$BX$135,IF($BY143>$BY144,">",""),"") | BV94: =IF($BM143<$BL$135,IF($BM143>$BM144,">",""),"") | BW94: =IF($BY189<$BX$181,IF($BY189>$BY190,">",""),"") | BX94: =IF(VLOOKUP(3,Formations!$A$3:$C$25,1)=3,VLOOKUP(3,Formations!$A$3:$C$25,2)," ") | BY94: =IF(VLOOKUP(3,Formations!$A$3:$C$25,1)=3,VLOOKUP(3,Formations!$A$3:$C$25,3)," ") | CG94: =IF($CD143<$CC$135,IF($CD143>$CD144,"<",""),"") | CM94: =IF($CD143<$CC$135,IF($CD143>$CD144,">",""),"") | CO94: =IF(VLOOKUP(3,Formations!$A$3:$C$25,1)=3,VLOOKUP(3,Formations!$A$3:$C$25,2)," ") | CP94: =IF(VLOOKUP(3,Formations!$A$3:$C$25,1)=3,VLOOKUP(3,Formations!$A$3:$C$25,3)," ")
AD95: ='Casing Review'!$R$13 | AE95: ' Tail | AH95: =IF($AE144<$AD$135,IF($AE144>$AE145,"<",""),"") | AI95: =IF($AR144<$AQ$135,IF($AR144>$AR145,"<",""),"") | AM95: =IF($AR144<$AQ$135,IF($AR144>$AR145,">",""),"") | AN95: =IF($AE144<$AD$135,IF($AE144>$AE145,">",""),"") | AQ95: =IF(VLOOKUP(4,Formations!$A$3:$C$25,1)=4,VLOOKUP(4,Formations!$A$3:$C$25,2)," ") | AR95: =IF(VLOOKUP(4,Formations!$A$3:$C$25,1)=4,VLOOKUP(4,Formations!$A$3:$C$25,3)," ") | AU95: ='Casing Review'!$R$13 | AV95: ' Tail | AY95: =IF($AV144<$AU$135,IF($AV144>$AV145,"<",""),"") | AZ95: =IF($BH144<$BG$135,IF($BH144>$BH145,"<",""),"") | BA95: =IF($BZ$115>$AV164,IF($BZ$115<$AV165+0.1,"X",""),"") | BC95: =IF($BZ$115>$AV164,IF($BZ$115<$AV165+0.1,"X",""),"") | BD95: =IF($BH144<$BG$135,IF($BH144>$BH145,">",""),"") | BE95: =IF($AV144<$AU$135,IF($AV144>$AV145,">",""),"") | BG95: =IF(VLOOKUP(4,Formations!$A$3:$C$25,1)=4,VLOOKUP(4,Formations!$A$3:$C$25,2)," ") | BH95: =IF(VLOOKUP(4,Formations!$A$3:$C$25,1)=4,VLOOKUP(4,Formations!$A$3:$C$25,3)," ") | BL95: ='Casing Review'!$R$13 | BM95: ' Tail | BO95: =IF($BY190<$BX$181,IF($BY190>$BY191,"<",""),"") | BP95: =IF($BM144<$BL$135,IF($BM144>$BM145,"<",""),"") | BQ95: =IF($BY144<$BX$135,IF($BY144>$BY145,"<",""),"") | BR95: =IF($BZ$115>$BM186,IF($BZ$115<$BM187+0.1,"X",""),"") | BT95: =IF($BZ$115>$BM186,IF($BZ$115<$BM187+0.1,"X",""),"") | BU95: =IF($BY144<$BX$135,IF($BY144>$BY145,">",""),"") | BV95: =IF($BM144<$BL$135,IF($BM144>$BM145,">",""),"") | BW95: =IF($BY190<$BX$181,IF($BY190>$BY191,">",""),"") | BX95: =IF(VLOOKUP(4,Formations!$A$3:$C$25,1)=4,VLOOKUP(4,Formations!$A$3:$C$25,2)," ") | BY95: =IF(VLOOKUP(4,Formations!$A$3:$C$25,1)=4,VLOOKUP(4,Formations!$A$3:$C$25,3)," ") | CG95: =IF($CD144<$CC$135,IF($CD144>$CD145,"<",""),"") | CM95: =IF($CD144<$CC$135,IF($CD144>$CD145,">",""),"") | CO95: =IF(VLOOKUP(4,Formations!$A$3:$C$25,1)=4,VLOOKUP(4,Formations!$A$3:$C$25,2)," ") | CP95: =IF(VLOOKUP(4,Formations!$A$3:$C$25,1)=4,VLOOKUP(4,Formations!$A$3:$C$25,3)," ")
AD96: ='Casing Review'!B20 | AE96: % Washout | AH96: =IF($AE145<$AD$135,IF($AE145>$AE146,"<",""),"") | AI96: =IF($AR145<$AQ$135,IF($AR145>$AR146,"<",""),"") | AM96: =IF($AR145<$AQ$135,IF($AR145>$AR146,">",""),"") | AN96: =IF($AE145<$AD$135,IF($AE145>$AE146,">",""),"") | AQ96: =IF(VLOOKUP(5,Formations!$A$3:$C$25,1)=5,VLOOKUP(5,Formations!$A$3:$C$25,2)," ") | AR96: =IF(VLOOKUP(5,Formations!$A$3:$C$25,1)=5,VLOOKUP(5,Formations!$A$3:$C$25,3)," ") | AU96: ='Casing Review'!B20 | AV96: % Washout | AY96: =IF($AV145<$AU$135,IF($AV145>$AV146,"<",""),"") | AZ96: =IF($BH145<$BG$135,IF($BH145>$BH146,"<",""),"") | BA96: =IF($BZ$115>$AV165,IF($BZ$115<$AV166+0.1,"X",""),"") | BC96: =IF($BZ$115>$AV165,IF($BZ$115<$AV166+0.1,"X",""),"") | BD96: =IF($BH145<$BG$135,IF($BH145>$BH146,">",""),"") | BE96: =IF($AV145<$AU$135,IF($AV145>$AV146,">",""),"") | BG96: =IF(VLOOKUP(5,Formations!$A$3:$C$25,1)=5,VLOOKUP(5,Formations!$A$3:$C$25,2)," ") | BH96: =IF(VLOOKUP(5,Formations!$A$3:$C$25,1)=5,VLOOKUP(5,Formations!$A$3:$C$25,3)," ") | BL96: ='Casing Review'!B20 | BM96: % Washout | BO96: =IF($BY191<$BX$181,IF($BY191>$BY192,"<",""),"") | BP96: =IF($BM145<$BL$135,IF($BM145>$BM146,"<",""),"") | BQ96: =IF($BY145<$BX$135,IF($BY145>$BY146,"<",""),"") | BR96: =IF($BZ$115>$BM187,IF($BZ$115<$BM188+0.1,"X",""),"") | BT96: =IF($BZ$115>$BM187,IF($BZ$115<$BM188+0.1,"X",""),"") | BU96: =IF($BY145<$BX$135,IF($BY145>$BY146,">",""),"") | BV96: =IF($BM145<$BL$135,IF($BM145>$BM146,">",""),"") | BW96: =IF($BY191<$BX$181,IF($BY191>$BY192,">",""),"") | BX96: =IF(VLOOKUP(5,Formations!$A$3:$C$25,1)=5,VLOOKUP(5,Formations!$A$3:$C$25,2)," ") | BY96: =IF(VLOOKUP(5,Formations!$A$3:$C$25,1)=5,VLOOKUP(5,Formations!$A$3:$C$25,3)," ") | CG96: =IF($CD145<$CC$135,IF($CD145>$CD146,"<",""),"") | CM96: =IF($CD145<$CC$135,IF($CD145>$CD146,">",""),"") | CO96: =IF(VLOOKUP(5,Formations!$A$3:$C$25,1)=5,VLOOKUP(5,Formations!$A$3:$C$25,2)," ") | CP96: =IF(VLOOKUP(5,Formations!$A$3:$C$25,1)=5,VLOOKUP(5,Formations!$A$3:$C$25,3)," ")
AD97: ='Casing Review'!$B$12 | AE97: " Hole | AH97: =IF($AE146<$AD$135,IF($AE146>$AE147,"<",""),"") | AI97: =IF($AR146<$AQ$135,IF($AR146>$AR147,"<",""),"") | AM97: =IF($AR146<$AQ$135,IF($AR146>$AR147,">",""),"") | AN97: =IF($AE146<$AD$135,IF($AE146>$AE147,">",""),"") | AQ97: =IF(VLOOKUP(6,Formations!$A$3:$C$25,1)=6,VLOOKUP(6,Formations!$A$3:$C$25,2)," ") | AR97: =IF(VLOOKUP(6,Formations!$A$3:$C$25,1)=6,VLOOKUP(6,Formations!$A$3:$C$25,3)," ") | AU97: ='Casing Review'!$B$12 | AV97: " Hole | AY97: =IF($AV146<$AU$135,IF($AV146>$AV147,"<",""),"") | AZ97: =IF($BH146<$BG$135,IF($BH146>$BH147,"<",""),"") | BA97: =IF($BZ$115>$AV166,IF($BZ$115<$AV167+0.1,"X",""),"") | BC97: =IF($BZ$115>$AV166,IF($BZ$115<$AV167+0.1,"X",""),"") | BD97: =IF($BH146<$BG$135,IF($BH146>$BH147,">",""),"") | BE97: =IF($AV146<$AU$135,IF($AV146>$AV147,">",""),"") | BG97: =IF(VLOOKUP(6,Formations!$A$3:$C$25,1)=6,VLOOKUP(6,Formations!$A$3:$C$25,2)," ") | BH97: =IF(VLOOKUP(6,Formations!$A$3:$C$25,1)=6,VLOOKUP(6,Formations!$A$3:$C$25,3)," ") | BL97: ='Casing Review'!$B$12 | BM97: " Hole | BO97: =IF($BY192<$BX$181,IF($BY192>$BY193,"<",""),"") | BP97: =IF($BM146<$BL$135,IF($BM146>$BM147,"<",""),"") | BQ97: =IF($BY146<$BX$135,IF($BY146>$BY147,"<",""),"") | BR97: =IF($BZ$115>$BM188,IF($BZ$115<$BM189+0.1,"X",""),"") | BT97: =IF($BZ$115>$BM188,IF($BZ$115<$BM189+0.1,"X",""),"") | BU97: =IF($BY146<$BX$135,IF($BY146>$BY147,">",""),"") | BV97: =IF($BM146<$BL$135,IF($BM146>$BM147,">",""),"") | BW97: =IF($BY192<$BX$181,IF($BY192>$BY193,">",""),"") | BX97: =IF(VLOOKUP(6,Formations!$A$3:$C$25,1)=6,VLOOKUP(6,Formations!$A$3:$C$25,2)," ") | BY97: =IF(VLOOKUP(6,Formations!$A$3:$C$25,1)=6,VLOOKUP(6,Formations!$A$3:$C$25,3)," ") | CG97: =IF($CD146<$CC$135,IF($CD146>$CD147,"<",""),"") | CM97: =IF($CD146<$CC$135,IF($CD146>$CD147,">",""),"") | CO97: =IF(VLOOKUP(6,Formations!$A$3:$C$25,1)=6,VLOOKUP(6,Formations!$A$3:$C$25,2)," ") | CP97: =IF(VLOOKUP(6,Formations!$A$3:$C$25,1)=6,VLOOKUP(6,Formations!$A$3:$C$25,3)," ")
AH98: =IF($AE147<$AD$135,IF($AE147>$AE148,"<",""),"") | AI98: =IF($AR147<$AQ$135,IF($AR147>$AR148,"<",""),"") | AM98: =IF($AR147<$AQ$135,IF($AR147>$AR148,">",""),"") | AN98: =IF($AE147<$AD$135,IF($AE147>$AE148,">",""),"") | AQ98: =IF(VLOOKUP(7,Formations!$A$3:$C$25,1)=7,VLOOKUP(7,Formations!$A$3:$C$25,2)," ") | AR98: =IF(VLOOKUP(7,Formations!$A$3:$C$25,1)=7,VLOOKUP(7,Formations!$A$3:$C$25,3)," ") | AY98: =IF($AV147<$AU$135,IF($AV147>$AV148,"<",""),"") | AZ98: =IF($BH147<$BG$135,IF($BH147>$BH148,"<",""),"") | BA98: =IF($BZ$115>$AV167,IF($BZ$115<$AV168+0.1,"X",""),"") | BC98: =IF($BZ$115>$AV167,IF($BZ$115<$AV168+0.1,"X",""),"") | BD98: =IF($BH147<$BG$135,IF($BH147>$BH148,">",""),"") | BE98: =IF($AV147<$AU$135,IF($AV147>$AV148,">",""),"") | BG98: =IF(VLOOKUP(7,Formations!$A$3:$C$25,1)=7,VLOOKUP(7,Formations!$A$3:$C$25,2)," ") | BH98: =IF(VLOOKUP(7,Formations!$A$3:$C$25,1)=7,VLOOKUP(7,Formations!$A$3:$C$25,3)," ") | BO98: =IF($BY193<$BX$181,IF($BY193>$BY194,"<",""),"") | BP98: =IF($BM147<$BL$135,IF($BM147>$BM148,"<",""),"") | BQ98: =IF($BY147<$BX$135,IF($BY147>$BY148,"<",""),"") | BR98: =IF($BZ$115>$BM189,IF($BZ$115<$BM190+0.1,"X",""),"") | BT98: =IF($BZ$115>$BM189,IF($BZ$115<$BM190+0.1,"X",""),"") | BU98: =IF($BY147<$BX$135,IF($BY147>$BY148,">",""),"") | BV98: =IF($BM147<$BL$135,IF($BM147>$BM148,">",""),"") | BW98: =IF($BY193<$BX$181,IF($BY193>$BY194,">",""),"") | BX98: =IF(VLOOKUP(7,Formations!$A$3:$C$25,1)=7,VLOOKUP(7,Formations!$A$3:$C$25,2)," ") | BY98: =IF(VLOOKUP(7,Formations!$A$3:$C$25,1)=7,VLOOKUP(7,Formations!$A$3:$C$25,3)," ") | CC98: ='Casing Review'!C12 | CD98: " Casing | CG98: =IF($CD147<$CC$135,IF($CD147>$CD148,"<",""),"") | CM98: =IF($CD147<$CC$135,IF($CD147>$CD148,">",""),"") | CO98: =IF(VLOOKUP(7,Formations!$A$3:$C$25,1)=7,VLOOKUP(7,Formations!$A$3:$C$25,2)," ") | CP98: =IF(VLOOKUP(7,Formations!$A$3:$C$25,1)=7,VLOOKUP(7,Formations!$A$3:$C$25,3)," ")
AH99: =IF($AE148<$AD$135,IF($AE148>$AE149,"<",""),"") | AI99: =IF($AR148<$AQ$135,IF($AR148>$AR149,"<",""),"") | AM99: =IF($AR148<$AQ$135,IF($AR148>$AR149,">",""),"") | AN99: =IF($AE148<$AD$135,IF($AE148>$AE149,">",""),"") | AQ99: =IF(VLOOKUP(8,Formations!$A$3:$C$25,1)=8,VLOOKUP(8,Formations!$A$3:$C$25,2)," ") | AR99: =IF(VLOOKUP(8,Formations!$A$3:$C$25,1)=8,VLOOKUP(8,Formations!$A$3:$C$25,3)," ") | AY99: =IF($AV148<$AU$135,IF($AV148>$AV149,"<",""),"") | AZ99: =IF($BH148<$BG$135,IF($BH148>$BH149,"<",""),"") | BA99: =IF($BZ$115>$AV168,IF($BZ$115<$AV169+0.1,"X",""),"") | BC99: =IF($BZ$115>$AV168,IF($BZ$115<$AV169+0.1,"X",""),"") | BD99: =IF($BH148<$BG$135,IF($BH148>$BH149,">",""),"") | BE99: =IF($AV148<$AU$135,IF($AV148>$AV149,">",""),"") | BG99: =IF(VLOOKUP(8,Formations!$A$3:$C$25,1)=8,VLOOKUP(8,Formations!$A$3:$C$25,2)," ") | BH99: =IF(VLOOKUP(8,Formations!$A$3:$C$25,1)=8,VLOOKUP(8,Formations!$A$3:$C$25,3)," ") | BL99: ='Casing Review'!C27 | BM99: " Casing | BO99: =IF($BY194<$BX$181,IF($BY194>$BY195,"<",""),"") | BP99: =IF($BM148<$BL$135,IF($BM148>$BM149,"<",""),"") | BQ99: =IF($BY148<$BX$135,IF($BY148>$BY149,"<",""),"") | BR99: =IF($BZ$115>$BM190,IF($BZ$115<$BM191+0.1,"X",""),"") | BT99: =IF($BZ$115>$BM190,IF($BZ$115<$BM191+0.1,"X",""),"") | BU99: =IF($BY148<$BX$135,IF($BY148>$BY149,">",""),"") | BV99: =IF($BM148<$BL$135,IF($BM148>$BM149,">",""),"") | BW99: =IF($BY194<$BX$181,IF($BY194>$BY195,">",""),"") | BX99: =IF(VLOOKUP(8,Formations!$A$3:$C$25,1)=8,VLOOKUP(8,Formations!$A$3:$C$25,2)," ") | BY99: =IF(VLOOKUP(8,Formations!$A$3:$C$25,1)=8,VLOOKUP(8,Formations!$A$3:$C$25,3)," ") | CC99: =MAX('Casing Review'!$D$12:$D$16) | CD99: ' MD | CG99: =IF($CD148<$CC$135,IF($CD148>$CD149,"<",""),"") | CM99: =IF($CD148<$CC$135,IF($CD148>$CD149,">",""),"") | CO99: =IF(VLOOKUP(8,Formations!$A$3:$C$25,1)=8,VLOOKUP(8,Formations!$A$3:$C$25,2)," ") | CP99: =IF(VLOOKUP(8,Formations!$A$3:$C$25,1)=8,VLOOKUP(8,Formations!$A$3:$C$25,3)," ")
AH100: =IF($AE149<$AD$135,IF($AE149>$AE150,"<",""),"") | AI100: =IF($AR149<$AQ$135,IF($AR149>$AR150,"<",""),"") | AM100: =IF($AR149<$AQ$135,IF($AR149>$AR150,">",""),"") | AN100: =IF($AE149<$AD$135,IF($AE149>$AE150,">",""),"") | AQ100: =IF(VLOOKUP(9,Formations!$A$3:$C$25,1)=9,VLOOKUP(9,Formations!$A$3:$C$25,2)," ") | AR100: =IF(VLOOKUP(9,Formations!$A$3:$C$25,1)=9,VLOOKUP(9,Formations!$A$3:$C$25,3)," ") | AY100: =IF($AV149<$AU$135,IF($AV149>$AV150,"<",""),"") | AZ100: =IF($BH149<$BG$135,IF($BH149>$BH150,"<",""),"") | BA100: =IF($BZ$115>$AV169,IF($BZ$115<$AV170+0.1,"X",""),"") | BC100: =IF($BZ$115>$AV169,IF($BZ$115<$AV170+0.1,"X",""),"") | BD100: =IF($BH149<$BG$135,IF($BH149>$BH150,">",""),"") | BE100: =IF($AV149<$AU$135,IF($AV149>$AV150,">",""),"") | BG100: =IF(VLOOKUP(9,Formations!$A$3:$C$25,1)=9,VLOOKUP(9,Formations!$A$3:$C$25,2)," ") | BH100: =IF(VLOOKUP(9,Formations!$A$3:$C$25,1)=9,VLOOKUP(9,Formations!$A$3:$C$25,3)," ") | BL100: =MAX('Casing Review'!$D$27:$D$32) | BM100: ' MD | BO100: =IF($BY195<$BX$181,IF($BY195>$BY196,"<",""),"") | BP100: =IF($BM149<$BL$135,IF($BM149>$BM150,"<",""),"") | BQ100: =IF($BY149<$BX$135,IF($BY149>$BY150,"<",""),"") | BR100: =IF($BZ$115>$BM191,IF($BZ$115<$BM192+0.1,"X",""),"") | BT100: =IF($BZ$115>$BM191,IF($BZ$115<$BM192+0.1,"X",""),"") | BU100: =IF($BY149<$BX$135,IF($BY149>$BY150,">",""),"") | BV100: =IF($BM149<$BL$135,IF($BM149>$BM150,">",""),"") | BW100: =IF($BY195<$BX$181,IF($BY195>$BY196,">",""),"") | BX100: =IF(VLOOKUP(9,Formations!$A$3:$C$25,1)=9,VLOOKUP(9,Formations!$A$3:$C$25,2)," ") | BY100: =IF(VLOOKUP(9,Formations!$A$3:$C$25,1)=9,VLOOKUP(9,Formations!$A$3:$C$25,3)," ") | CC100: ='Casing Review'!$B$19 | CD100: ' TVD | CG100: =IF($CD149<$CC$135,IF($CD149>$CD150,"<",""),"") | CM100: =IF($CD149<$CC$135,IF($CD149>$CD150,">",""),"") | CO100: =IF(VLOOKUP(9,Formations!$A$3:$C$25,1)=9,VLOOKUP(9,Formations!$A$3:$C$25,2)," ") | CP100: =IF(VLOOKUP(9,Formations!$A$3:$C$25,1)=9,VLOOKUP(9,Formations!$A$3:$C$25,3)," ")
AH101: =IF($AE150<$AD$135,IF($AE150>$AE151,"<",""),"") | AI101: =IF($AR150<$AQ$135,IF($AR150>$AR151,"<",""),"") | AM101: =IF($AR150<$AQ$135,IF($AR150>$AR151,">",""),"") | AN101: =IF($AE150<$AD$135,IF($AE150>$AE151,">",""),"") | AQ101: =IF(VLOOKUP(10,Formations!$A$3:$C$25,1)=10,VLOOKUP(10,Formations!$A$3:$C$25,2)," ") | AR101: =IF(VLOOKUP(10,Formations!$A$3:$C$25,1)=10,VLOOKUP(10,Formations!$A$3:$C$25,3)," ") | AY101: =IF($AV150<$AU$135,IF($AV150>$AV151,"<",""),"") | AZ101: =IF($BH150<$BG$135,IF($BH150>$BH151,"<",""),"") | BA101: =IF($BZ$115>$AV170,IF($BZ$115<$AV171+0.1,"X",""),"") | BC101: =IF($BZ$115>$AV170,IF($BZ$115<$AV171+0.1,"X",""),"") | BD101: =IF($BH150<$BG$135,IF($BH150>$BH151,">",""),"") | BE101: =IF($AV150<$AU$135,IF($AV150>$AV151,">",""),"") | BG101: =IF(VLOOKUP(10,Formations!$A$3:$C$25,1)=10,VLOOKUP(10,Formations!$A$3:$C$25,2)," ") | BH101: =IF(VLOOKUP(10,Formations!$A$3:$C$25,1)=10,VLOOKUP(10,Formations!$A$3:$C$25,3)," ") | BL101: ='Casing Review'!$B$34 | BM101: ' TVD | BO101: =IF($BY196<$BX$181,IF($BY196>$BY197,"<",""),"") | BP101: =IF($BM150<$BL$135,IF($BM150>$BM151,"<",""),"") | BQ101: =IF($BY150<$BX$135,IF($BY150>$BY151,"<",""),"") | BR101: =IF($BZ$115>$BM192,IF($BZ$115<$BM193+0.1,"X",""),"") | BT101: =IF($BZ$115>$BM192,IF($BZ$115<$BM193+0.1,"X",""),"") | BU101: =IF($BY150<$BX$135,IF($BY150>$BY151,">",""),"") | BV101: =IF($BM150<$BL$135,IF($BM150>$BM151,">",""),"") | BW101: =IF($BY196<$BX$181,IF($BY196>$BY197,">",""),"") | BX101: =IF(VLOOKUP(10,Formations!$A$3:$C$25,1)=10,VLOOKUP(10,Formations!$A$3:$C$25,2)," ") | BY101: =IF(VLOOKUP(10,Formations!$A$3:$C$25,1)=10,VLOOKUP(10,Formations!$A$3:$C$25,3)," ") | CC101: ='Casing Review'!$R$12 | CD101: ' TOC | CG101: =IF($CD150<$CC$135,IF($CD150>$CD151,"<",""),"") | CM101: =IF($CD150<$CC$135,IF($CD150>$CD151,">",""),"") | CO101: =IF(VLOOKUP(10,Formations!$A$3:$C$25,1)=10,VLOOKUP(10,Formations!$A$3:$C$25,2)," ") | CP101: =IF(VLOOKUP(10,Formations!$A$3:$C$25,1)=10,VLOOKUP(10,Formations!$A$3:$C$25,3)," ")
AD102: ='Casing Review'!C27 | AE102: " Casing | AI102: =IF($AR151<$AQ$135,IF($AR151>$AR152,"<",""),"") | AM102: =IF($AR151<$AQ$135,IF($AR151>$AR152,">",""),"") | AQ102: =IF(VLOOKUP(11,Formations!$A$3:$C$25,1)=11,VLOOKUP(11,Formations!$A$3:$C$25,2)," ") | AR102: =IF(VLOOKUP(11,Formations!$A$3:$C$25,1)=11,VLOOKUP(11,Formations!$A$3:$C$25,3)," ") | AY102: =IF($AV151<$AU$135,IF($AV151>$AV152,"<",""),"") | AZ102: =IF($BH151<$BG$135,IF($BH151>$BH152,"<",""),"") | BA102: =IF($BZ$115>$AV171,IF($BZ$115<$AV172+0.1,"X",""),"") | BC102: =IF($BZ$115>$AV171,IF($BZ$115<$AV172+0.1,"X",""),"") | BD102: =IF($BH151<$BG$135,IF($BH151>$BH152,">",""),"") | BE102: =IF($AV151<$AU$135,IF($AV151>$AV152,">",""),"") | BG102: =IF(VLOOKUP(11,Formations!$A$3:$C$25,1)=11,VLOOKUP(11,Formations!$A$3:$C$25,2)," ") | BH102: =IF(VLOOKUP(11,Formations!$A$3:$C$25,1)=11,VLOOKUP(11,Formations!$A$3:$C$25,3)," ") | BL102: ='Casing Review'!$R$27 | BM102: ' TOC | BO102: =IF($BY197<$BX$181,IF($BY197>$BY198,"<",""),"") | BP102: =IF($BM151<$BL$135,IF($BM151>$BM152,"<",""),"") | BQ102: =IF($BY151<$BX$135,IF($BY151>$BY152,"<",""),"") | BR102: =IF($BZ$115>$BM193,IF($BZ$115<$BM194+0.1,"X",""),"") | BT102: =IF($BZ$115>$BM193,IF($BZ$115<$BM194+0.1,"X",""),"") | BU102: =IF($BY151<$BX$135,IF($BY151>$BY152,">",""),"") | BV102: =IF($BM151<$BL$135,IF($BM151>$BM152,">",""),"") | BW102: =IF($BY197<$BX$181,IF($BY197>$BY198,">",""),"") | BX102: =IF(VLOOKUP(11,Formations!$A$3:$C$25,1)=11,VLOOKUP(11,Formations!$A$3:$C$25,2)," ") | BY102: =IF(VLOOKUP(11,Formations!$A$3:$C$25,1)=11,VLOOKUP(11,Formations!$A$3:$C$25,3)," ") | CC102: ='Casing Review'!$R$13 | CD102: ' Tail | CG102: =IF($CD151<$CC$135,IF($CD151>$CD152,"<",""),"") | CM102: =IF($CD151<$CC$135,IF($CD151>$CD152,">",""),"") | CO102: =IF(VLOOKUP(11,Formations!$A$3:$C$25,1)=11,VLOOKUP(11,Formations!$A$3:$C$25,2)," ") | CP102: =IF(VLOOKUP(11,Formations!$A$3:$C$25,1)=11,VLOOKUP(11,Formations!$A$3:$C$25,3)," ")
AD103: =MAX('Casing Review'!$D$27:$D$32) | AE103: ' MD | AI103: =IF($AR152<$AQ$135,IF($AR152>$AR153,"<",""),"") | AM103: =IF($AR152<$AQ$135,IF($AR152>$AR153,">",""),"") | AQ103: =IF(VLOOKUP(12,Formations!$A$3:$C$25,1)=12,VLOOKUP(12,Formations!$A$3:$C$25,2)," ") | AR103: =IF(VLOOKUP(12,Formations!$A$3:$C$25,1)=12,VLOOKUP(12,Formations!$A$3:$C$25,3)," ") | AY103: =IF($AV152<$AU$135,IF($AV152>$AV153,"<",""),"") | AZ103: =IF($BH152<$BG$135,IF($BH152>$BH153,"<",""),"") | BA103: =IF($BZ$115>$AV172,IF($BZ$115<$AV173+0.1,"X",""),"") | BC103: =IF($BZ$115>$AV172,IF($BZ$115<$AV173+0.1,"X",""),"") | BD103: =IF($BH152<$BG$135,IF($BH152>$BH153,">",""),"") | BE103: =IF($AV152<$AU$135,IF($AV152>$AV153,">",""),"") | BG103: =IF(VLOOKUP(12,Formations!$A$3:$C$25,1)=12,VLOOKUP(12,Formations!$A$3:$C$25,2)," ") | BH103: =IF(VLOOKUP(12,Formations!$A$3:$C$25,1)=12,VLOOKUP(12,Formations!$A$3:$C$25,3)," ") | BL103: ='Casing Review'!$R$28 | BM103: ' Tail | BP103: =IF($BM152<$BL$135,IF($BM152>$BM153,"<",""),"") | BQ103: =IF($BY152<$BX$135,IF($BY152>$BY153,"<",""),"") | BR103: =IF($BZ$115>$BM194,IF($BZ$115<$BM195+0.1,"X",""),"") | BT103: =IF($BZ$115>$BM194,IF($BZ$115<$BM195+0.1,"X",""),"") | BU103: =IF($BY152<$BX$135,IF($BY152>$BY153,">",""),"") | BV103: =IF($BM152<$BL$135,IF($BM152>$BM153,">",""),"") | BX103: =IF(VLOOKUP(12,Formations!$A$3:$C$25,1)=12,VLOOKUP(12,Formations!$A$3:$C$25,2)," ") | BY103: =IF(VLOOKUP(12,Formations!$A$3:$C$25,1)=12,VLOOKUP(12,Formations!$A$3:$C$25,3)," ") | CC103: ='Casing Review'!B20 | CD103: % Washout | CG103: =IF($CD152<$CC$135,IF($CD152>$CD153,"<",""),"") | CM103: =IF($CD152<$CC$135,IF($CD152>$CD153,">",""),"") | CO103: =IF(VLOOKUP(12,Formations!$A$3:$C$25,1)=12,VLOOKUP(12,Formations!$A$3:$C$25,2)," ") | CP103: =IF(VLOOKUP(12,Formations!$A$3:$C$25,1)=12,VLOOKUP(12,Formations!$A$3:$C$25,3)," ")
AD104: ='Casing Review'!$B$34 | AE104: ' TVD | AI104: =IF($AR153<$AQ$135,IF($AR153>$AR154,"<",""),"") | AM104: =IF($AR153<$AQ$135,IF($AR153>$AR154,">",""),"") | AQ104: =IF(VLOOKUP(13,Formations!$A$3:$C$25,1)=13,VLOOKUP(13,Formations!$A$3:$C$25,2)," ") | AR104: =IF(VLOOKUP(13,Formations!$A$3:$C$25,1)=13,VLOOKUP(13,Formations!$A$3:$C$25,3)," ") | AZ104: =IF($BH153<$BG$135,IF($BH153>$BH154,"<",""),"") | BA104: =IF($BZ$115>$AV173,IF($BZ$115<$AV174+0.1,"X",""),"") | BC104: =IF($BZ$115>$AV173,IF($BZ$115<$AV174+0.1,"X",""),"") | BD104: =IF($BH153<$BG$135,IF($BH153>$BH154,">",""),"") | BG104: =IF(VLOOKUP(13,Formations!$A$3:$C$25,1)=13,VLOOKUP(13,Formations!$A$3:$C$25,2)," ") | BH104: =IF(VLOOKUP(13,Formations!$A$3:$C$25,1)=13,VLOOKUP(13,Formations!$A$3:$C$25,3)," ") | BL104: ='Casing Review'!B35 | BM104: % Washout | BP104: =IF($BM153<$BL$135,IF($BM153>$BM154,"<",""),"") | BQ104: =IF($BY153<$BX$135,IF($BY153>$BY154,"<",""),"") | BR104: =IF($BZ$115>$BM195,IF($BZ$115<$BM196+0.1,"X",""),"") | BT104: =IF($BZ$115>$BM195,IF($BZ$115<$BM196+0.1,"X",""),"") | BU104: =IF($BY153<$BX$135,IF($BY153>$BY154,">",""),"") | BV104: =IF($BM153<$BL$135,IF($BM153>$BM154,">",""),"") | BX104: =IF(VLOOKUP(13,Formations!$A$3:$C$25,1)=13,VLOOKUP(13,Formations!$A$3:$C$25,2)," ") | BY104: =IF(VLOOKUP(13,Formations!$A$3:$C$25,1)=13,VLOOKUP(13,Formations!$A$3:$C$25,3)," ") | CC104: ='Casing Review'!$B$12 | CD104: " Hole | CG104: =IF($CD153<$CC$135,IF($CD153>$CD154,"<",""),"") | CM104: =IF($CD153<$CC$135,IF($CD153>$CD154,">",""),"") | CO104: =IF(VLOOKUP(13,Formations!$A$3:$C$25,1)=13,VLOOKUP(13,Formations!$A$3:$C$25,2)," ") | CP104: =IF(VLOOKUP(13,Formations!$A$3:$C$25,1)=13,VLOOKUP(13,Formations!$A$3:$C$25,3)," ")
AD105: ='Casing Review'!$R$27 | AE105: ' TOC | AI105: =IF($AR154<$AQ$135,IF($AR154>$AR155,"<",""),"") | AM105: =IF($AR154<$AQ$135,IF($AR154>$AR155,">",""),"") | AQ105: =IF(VLOOKUP(14,Formations!$A$3:$C$25,1)=14,VLOOKUP(14,Formations!$A$3:$C$25,2)," ") | AR105: =IF(VLOOKUP(14,Formations!$A$3:$C$25,1)=14,VLOOKUP(14,Formations!$A$3:$C$25,3)," ") | AZ105: =IF($BH154<$BG$135,IF($BH154>$BH155,"<",""),"") | BA105: =IF($BZ$115>$AV174,IF($BZ$115<$AV175+0.1,"X",""),"") | BC105: =IF($BZ$115>$AV174,IF($BZ$115<$AV175+0.1,"X",""),"") | BD105: =IF($BH154<$BG$135,IF($BH154>$BH155,">",""),"") | BG105: =IF(VLOOKUP(14,Formations!$A$3:$C$25,1)=14,VLOOKUP(14,Formations!$A$3:$C$25,2)," ") | BH105: =IF(VLOOKUP(14,Formations!$A$3:$C$25,1)=14,VLOOKUP(14,Formations!$A$3:$C$25,3)," ") | BL105: ='Casing Review'!$B$27 | BM105: " Hole | BP105: =IF($BM154<$BL$135,IF($BM154>$BM155,"<",""),"") | BQ105: =IF($BY154<$BX$135,IF($BY154>$BY155,"<",""),"") | BR105: =IF($BZ$115>$BM196,IF($BZ$115<$BM197+0.1,"X",""),"") | BT105: =IF($BZ$115>$BM196,IF($BZ$115<$BM197+0.1,"X",""),"") | BU105: =IF($BY154<$BX$135,IF($BY154>$BY155,">",""),"") | BV105: =IF($BM154<$BL$135,IF($BM154>$BM155,">",""),"") | BX105: =IF(VLOOKUP(14,Formations!$A$3:$C$25,1)=14,VLOOKUP(14,Formations!$A$3:$C$25,2)," ") | BY105: =IF(VLOOKUP(14,Formations!$A$3:$C$25,1)=14,VLOOKUP(14,Formations!$A$3:$C$25,3)," ") | CG105: =IF($CD154<$CC$135,IF($CD154>$CD155,"<",""),"") | CM105: =IF($CD154<$CC$135,IF($CD154>$CD155,">",""),"") | CO105: =IF(VLOOKUP(14,Formations!$A$3:$C$25,1)=14,VLOOKUP(14,Formations!$A$3:$C$25,2)," ") | CP105: =IF(VLOOKUP(14,Formations!$A$3:$C$25,1)=14,VLOOKUP(14,Formations!$A$3:$C$25,3)," ")
AD106: ='Casing Review'!$R$28 | AE106: ' Tail | AI106: =IF($AR155<$AQ$135,IF($AR155>$AR156,"<",""),"") | AM106: =IF($AR155<$AQ$135,IF($AR155>$AR156,">",""),"") | AQ106: =IF(VLOOKUP(15,Formations!$A$3:$C$25,1)=15,VLOOKUP(15,Formations!$A$3:$C$25,2)," ") | AR106: =IF(VLOOKUP(15,Formations!$A$3:$C$25,1)=15,VLOOKUP(15,Formations!$A$3:$C$25,3)," ") | AZ106: =IF($BH155<$BG$135,IF($BH155>$BH156,"<",""),"") | BA106: =IF($BZ$115>$AV175,IF($BZ$115<$AV176+0.1,"X",""),"") | BC106: =IF($BZ$115>$AV175,IF($BZ$115<$AV176+0.1,"X",""),"") | BD106: =IF($BH155<$BG$135,IF($BH155>$BH156,">",""),"") | BG106: =IF(VLOOKUP(15,Formations!$A$3:$C$25,1)=15,VLOOKUP(15,Formations!$A$3:$C$25,2)," ") | BH106: =IF(VLOOKUP(15,Formations!$A$3:$C$25,1)=15,VLOOKUP(15,Formations!$A$3:$C$25,3)," ") | BP106: =IF($BM155<$BL$135,IF($BM155>$BM156,"<",""),"") | BQ106: =IF($BY155<$BX$135,IF($BY155>$BY156,"<",""),"") | BR106: =IF($BZ$115>$BM197,IF($BZ$115<$BM198+0.1,"X",""),"") | BT106: =IF($BZ$115>$BM197,IF($BZ$115<$BM198+0.1,"X",""),"") | BU106: =IF($BY155<$BX$135,IF($BY155>$BY156,">",""),"") | BV106: =IF($BM155<$BL$135,IF($BM155>$BM156,">",""),"") | BX106: =IF(VLOOKUP(15,Formations!$A$3:$C$25,1)=15,VLOOKUP(15,Formations!$A$3:$C$25,2)," ") | BY106: =IF(VLOOKUP(15,Formations!$A$3:$C$25,1)=15,VLOOKUP(15,Formations!$A$3:$C$25,3)," ") | CG106: =IF($CD155<$CC$135,IF($CD155>$CD156,"<",""),"") | CM106: =IF($CD155<$CC$135,IF($CD155>$CD156,">",""),"") | CO106: =IF(VLOOKUP(15,Formations!$A$3:$C$25,1)=15,VLOOKUP(15,Formations!$A$3:$C$25,2)," ") | CP106: =IF(VLOOKUP(15,Formations!$A$3:$C$25,1)=15,VLOOKUP(15,Formations!$A$3:$C$25,3)," ")
AD107: ='Casing Review'!B35 | AE107: % Washout | AI107: =IF($AR156<$AQ$135,IF($AR156>$AR157,"<",""),"") | AM107: =IF($AR156<$AQ$135,IF($AR156>$AR157,">",""),"") | AQ107: =IF(VLOOKUP(16,Formations!$A$3:$C$25,1)=16,VLOOKUP(16,Formations!$A$3:$C$25,2)," ") | AR107: =IF(VLOOKUP(16,Formations!$A$3:$C$25,1)=16,VLOOKUP(16,Formations!$A$3:$C$25,3)," ") | AZ107: =IF($BH156<$BG$135,IF($BH156>$BH157,"<",""),"") | BA107: =IF($BZ$115>$AV176,IF($BZ$115<$AV177+0.1,"X",""),"") | BC107: =IF($BZ$115>$AV176,IF($BZ$115<$AV177+0.1,"X",""),"") | BD107: =IF($BH156<$BG$135,IF($BH156>$BH157,">",""),"") | BG107: =IF(VLOOKUP(16,Formations!$A$3:$C$25,1)=16,VLOOKUP(16,Formations!$A$3:$C$25,2)," ") | BH107: =IF(VLOOKUP(16,Formations!$A$3:$C$25,1)=16,VLOOKUP(16,Formations!$A$3:$C$25,3)," ") | BP107: =IF($BM156<$BL$135,IF($BM156>$BM157,"<",""),"") | BQ107: =IF($BY156<$BX$135,IF($BY156>$BY157,"<",""),"") | BR107: =IF($BZ$115>$BM198,IF($BZ$115<$BM199+0.1,"X",""),"") | BT107: =IF($BZ$115>$BM198,IF($BZ$115<$BM199+0.1,"X",""),"") | BU107: =IF($BY156<$BX$135,IF($BY156>$BY157,">",""),"") | BV107: =IF($BM156<$BL$135,IF($BM156>$BM157,">",""),"") | BX107: =IF(VLOOKUP(16,Formations!$A$3:$C$25,1)=16,VLOOKUP(16,Formations!$A$3:$C$25,2)," ") | BY107: =IF(VLOOKUP(16,Formations!$A$3:$C$25,1)=16,VLOOKUP(16,Formations!$A$3:$C$25,3)," ") | CG107: =IF($CD156<$CC$135,IF($CD156>$CD157,"<",""),"") | CM107: =IF($CD156<$CC$135,IF($CD156>$CD157,">",""),"") | CO107: =IF(VLOOKUP(16,Formations!$A$3:$C$25,1)=16,VLOOKUP(16,Formations!$A$3:$C$25,2)," ") | CP107: =IF(VLOOKUP(16,Formations!$A$3:$C$25,1)=16,VLOOKUP(16,Formations!$A$3:$C$25,3)," ")
AD108: ='Casing Review'!$B$27 | AE108: " Hole | AI108: =IF($AR157<$AQ$135,IF($AR157>$AR158,"<",""),"") | AM108: =IF($AR157<$AQ$135,IF($AR157>$AR158,">",""),"") | AQ108: =IF(VLOOKUP(17,Formations!$A$3:$C$25,1)=17,VLOOKUP(17,Formations!$A$3:$C$25,2)," ") | AR108: =IF(VLOOKUP(17,Formations!$A$3:$C$25,1)=17,VLOOKUP(17,Formations!$A$3:$C$25,3)," ") | AZ108: =IF($BH157<$BG$135,IF($BH157>$BH158,"<",""),"") | BA108: =IF($BZ$115>$AV177,IF($BZ$115<$AV178+0.1,"X",""),"") | BC108: =IF($BZ$115>$AV177,IF($BZ$115<$AV178+0.1,"X",""),"") | BD108: =IF($BH157<$BG$135,IF($BH157>$BH158,">",""),"") | BG108: =IF(VLOOKUP(17,Formations!$A$3:$C$25,1)=17,VLOOKUP(17,Formations!$A$3:$C$25,2)," ") | BH108: =IF(VLOOKUP(17,Formations!$A$3:$C$25,1)=17,VLOOKUP(17,Formations!$A$3:$C$25,3)," ") | BP108: =IF($BM157<$BL$135,IF($BM157>$BM158,"<",""),"") | BQ108: =IF($BY157<$BX$135,IF($BY157>$BY158,"<",""),"") | BR108: =IF($BZ$115>$BM199,IF($BZ$115<$BM200+0.1,"X",""),"") | BT108: =IF($BZ$115>$BM199,IF($BZ$115<$BM200+0.1,"X",""),"") | BU108: =IF($BY157<$BX$135,IF($BY157>$BY158,">",""),"") | BV108: =IF($BM157<$BL$135,IF($BM157>$BM158,">",""),"") | BX108: =IF(VLOOKUP(17,Formations!$A$3:$C$25,1)=17,VLOOKUP(17,Formations!$A$3:$C$25,2)," ") | BY108: =IF(VLOOKUP(17,Formations!$A$3:$C$25,1)=17,VLOOKUP(17,Formations!$A$3:$C$25,3)," ") | CG108: =IF($CD157<$CC$135,IF($CD157>$CD158,"<",""),"") | CM108: =IF($CD157<$CC$135,IF($CD157>$CD158,">",""),"") | CO108: =IF(VLOOKUP(17,Formations!$A$3:$C$25,1)=17,VLOOKUP(17,Formations!$A$3:$C$25,2)," ") | CP108: =IF(VLOOKUP(17,Formations!$A$3:$C$25,1)=17,VLOOKUP(17,Formations!$A$3:$C$25,3)," ")
AI109: =IF($AR158<$AQ$135,IF($AR158>$AR159,"<",""),"") | AM109: =IF($AR158<$AQ$135,IF($AR158>$AR159,">",""),"") | AQ109: =IF(VLOOKUP(18,Formations!$A$3:$C$25,1)=18,VLOOKUP(18,Formations!$A$3:$C$25,2)," ") | AR109: =IF(VLOOKUP(18,Formations!$A$3:$C$25,1)=18,VLOOKUP(18,Formations!$A$3:$C$25,3)," ") | AZ109: =IF($BH158<$BG$135,IF($BH158>$BH159,"<",""),"") | BA109: =IF($BZ$115>$AV178,IF($BZ$115<$AV179+0.1,"X",""),"") | BC109: =IF($BZ$115>$AV178,IF($BZ$115<$AV179+0.1,"X",""),"") | BD109: =IF($BH158<$BG$135,IF($BH158>$BH159,">",""),"") | BG109: =IF(VLOOKUP(18,Formations!$A$3:$C$25,1)=18,VLOOKUP(18,Formations!$A$3:$C$25,2)," ") | BH109: =IF(VLOOKUP(18,Formations!$A$3:$C$25,1)=18,VLOOKUP(18,Formations!$A$3:$C$25,3)," ") | BP109: =IF($BM158<$BL$135,IF($BM158>$BM159,"<",""),"") | BQ109: =IF($BY158<$BX$135,IF($BY158>$BY159,"<",""),"") | BR109: =IF($BZ$115>$BM200,IF($BZ$115<$BM201+0.1,"X",""),"") | BT109: =IF($BZ$115>$BM200,IF($BZ$115<$BM201+0.1,"X",""),"") | BU109: =IF($BY158<$BX$135,IF($BY158>$BY159,">",""),"") | BV109: =IF($BM158<$BL$135,IF($BM158>$BM159,">",""),"") | BX109: =IF(VLOOKUP(18,Formations!$A$3:$C$25,1)=18,VLOOKUP(18,Formations!$A$3:$C$25,2)," ") | BY109: =IF(VLOOKUP(18,Formations!$A$3:$C$25,1)=18,VLOOKUP(18,Formations!$A$3:$C$25,3)," ") | CG109: =IF($CD158<$CC$135,IF($CD158>$CD159,"<",""),"") | CM109: =IF($CD158<$CC$135,IF($CD158>$CD159,">",""),"") | CO109: =IF(VLOOKUP(18,Formations!$A$3:$C$25,1)=18,VLOOKUP(18,Formations!$A$3:$C$25,2)," ") | CP109: =IF(VLOOKUP(18,Formations!$A$3:$C$25,1)=18,VLOOKUP(18,Formations!$A$3:$C$25,3)," ")
AI110: =IF($AR159<$AQ$135,IF($AR159>$AR160,"<",""),"") | AM110: =IF($AR159<$AQ$135,IF($AR159>$AR160,">",""),"") | AQ110: =IF(VLOOKUP(19,Formations!$A$3:$C$25,1)=19,VLOOKUP(19,Formations!$A$3:$C$25,2)," ") | AR110: =IF(VLOOKUP(19,Formations!$A$3:$C$25,1)=19,VLOOKUP(19,Formations!$A$3:$C$25,3)," ") | AZ110: =IF($BH159<$BG$135,IF($BH159>$BH160,"<",""),"") | BA110: =IF($BZ$115>$AV179,IF($BZ$115<$AV180+0.1,"X",""),"") | BC110: =IF($BZ$115>$AV179,IF($BZ$115<$AV180+0.1,"X",""),"") | BD110: =IF($BH159<$BG$135,IF($BH159>$BH160,">",""),"") | BG110: =IF(VLOOKUP(19,Formations!$A$3:$C$25,1)=19,VLOOKUP(19,Formations!$A$3:$C$25,2)," ") | BH110: =IF(VLOOKUP(19,Formations!$A$3:$C$25,1)=19,VLOOKUP(19,Formations!$A$3:$C$25,3)," ") | BP110: =IF($BM159<$BL$135,IF($BM159>$BM160,"<",""),"") | BQ110: =IF($BY159<$BX$135,IF($BY159>$BY160,"<",""),"") | BR110: =IF($BZ$115>$BM201,IF($BZ$115<$BM202+0.1,"X",""),"") | BT110: =IF($BZ$115>$BM201,IF($BZ$115<$BM202+0.1,"X",""),"") | BU110: =IF($BY159<$BX$135,IF($BY159>$BY160,">",""),"") | BV110: =IF($BM159<$BL$135,IF($BM159>$BM160,">",""),"") | BX110: =IF(VLOOKUP(19,Formations!$A$3:$C$25,1)=19,VLOOKUP(19,Formations!$A$3:$C$25,2)," ") | BY110: =IF(VLOOKUP(19,Formations!$A$3:$C$25,1)=19,VLOOKUP(19,Formations!$A$3:$C$25,3)," ") | CG110: =IF($CD159<$CC$135,IF($CD159>$CD160,"<",""),"") | CM110: =IF($CD159<$CC$135,IF($CD159>$CD160,">",""),"") | CO110: =IF(VLOOKUP(19,Formations!$A$3:$C$25,1)=19,VLOOKUP(19,Formations!$A$3:$C$25,2)," ") | CP110: =IF(VLOOKUP(19,Formations!$A$3:$C$25,1)=19,VLOOKUP(19,Formations!$A$3:$C$25,3)," ")
AI111: =IF($AR160<$AQ$135,IF($AR160>$AR161,"<",""),"") | AM111: =IF($AR160<$AQ$135,IF($AR160>$AR161,">",""),"") | AQ111: =IF(VLOOKUP(20,Formations!$A$3:$C$25,1)=20,VLOOKUP(20,Formations!$A$3:$C$25,2)," ") | AR111: =IF(VLOOKUP(20,Formations!$A$3:$C$25,1)=20,VLOOKUP(20,Formations!$A$3:$C$25,3)," ") | AU111: ='Casing Review'!C27 | AV111: " Casing | AZ111: =IF($BH160<$BG$135,IF($BH160>$BH161,"<",""),"") | BA111: =IF($BZ$115>$AV180,IF($BZ$115<$AV181+0.1,"X",""),"") | BC111: =IF($BZ$115>$AV180,IF($BZ$115<$AV181+0.1,"X",""),"") | BD111: =IF($BH160<$BG$135,IF($BH160>$BH161,">",""),"") | BG111: =IF(VLOOKUP(20,Formations!$A$3:$C$25,1)=20,VLOOKUP(20,Formations!$A$3:$C$25,2)," ") | BH111: =IF(VLOOKUP(20,Formations!$A$3:$C$25,1)=20,VLOOKUP(20,Formations!$A$3:$C$25,3)," ") | BL111: ='Casing Review'!C42 | BM111: " Casing | BP111: =IF($BM160<$BL$135,IF($BM160>$BM161,"<",""),"") | BQ111: =IF($BY160<$BX$135,IF($BY160>$BY161,"<",""),"") | BR111: =IF($BZ$115>$BM202,IF($BZ$115<$BM203+0.1,"X",""),"") | BT111: =IF($BZ$115>$BM202,IF($BZ$115<$BM203+0.1,"X",""),"") | BU111: =IF($BY160<$BX$135,IF($BY160>$BY161,">",""),"") | BV111: =IF($BM160<$BL$135,IF($BM160>$BM161,">",""),"") | BX111: =IF(VLOOKUP(20,Formations!$A$3:$C$25,1)=20,VLOOKUP(20,Formations!$A$3:$C$25,2)," ") | BY111: =IF(VLOOKUP(20,Formations!$A$3:$C$25,1)=20,VLOOKUP(20,Formations!$A$3:$C$25,3)," ") | CG111: =IF($CD160<$CC$135,IF($CD160>$CD161,"<",""),"") | CM111: =IF($CD160<$CC$135,IF($CD160>$CD161,">",""),"") | CO111: =IF(VLOOKUP(20,Formations!$A$3:$C$25,1)=20,VLOOKUP(20,Formations!$A$3:$C$25,2)," ") | CP111: =IF(VLOOKUP(20,Formations!$A$3:$C$25,1)=20,VLOOKUP(20,Formations!$A$3:$C$25,3)," ")
AI112: =IF($AR161<$AQ$135,IF($AR161>$AR162,"<",""),"") | AM112: =IF($AR161<$AQ$135,IF($AR161>$AR162,">",""),"") | AQ112: =IF(VLOOKUP(21,Formations!$A$3:$C$25,1)=21,VLOOKUP(21,Formations!$A$3:$C$25,2)," ") | AR112: =IF(VLOOKUP(21,Formations!$A$3:$C$25,1)=21,VLOOKUP(21,Formations!$A$3:$C$25,3)," ") | AU112: =MAX('Casing Review'!$D$27:$D$32) | AV112: ' MD | AZ112: =IF($BH161<$BG$135,IF($BH161>$BH162,"<",""),"") | BA112: =IF($BZ$115>$AV181,IF($BZ$115<$AV182+0.1,"X",""),"") | BC112: =IF($BZ$115>$AV181,IF($BZ$115<$AV182+0.1,"X",""),"") | BD112: =IF($BH161<$BG$135,IF($BH161>$BH162,">",""),"") | BG112: =IF(VLOOKUP(21,Formations!$A$3:$C$25,1)=21,VLOOKUP(21,Formations!$A$3:$C$25,2)," ") | BH112: =IF(VLOOKUP(21,Formations!$A$3:$C$25,1)=21,VLOOKUP(21,Formations!$A$3:$C$25,3)," ") | BL112: =MAX('Casing Review'!$D$42:$D$46) | BM112: ' MD | BP112: =IF($BM161<$BL$135,IF($BM161>$BM162,"<",""),"") | BQ112: =IF($BY161<$BX$135,IF($BY161>$BY162,"<",""),"") | BR112: =IF($BZ$115>$BM203,IF($BZ$115<$BM204+0.1,"X",""),"") | BT112: =IF($BZ$115>$BM203,IF($BZ$115<$BM204+0.1,"X",""),"") | BU112: =IF($BY161<$BX$135,IF($BY161>$BY162,">",""),"") | BV112: =IF($BM161<$BL$135,IF($BM161>$BM162,">",""),"") | BX112: =IF(VLOOKUP(21,Formations!$A$3:$C$25,1)=21,VLOOKUP(21,Formations!$A$3:$C$25,2)," ") | BY112: =IF(VLOOKUP(21,Formations!$A$3:$C$25,1)=21,VLOOKUP(21,Formations!$A$3:$C$25,3)," ") | CG112: =IF($CD161<$CC$135,IF($CD161>$CD162,"<",""),"") | CM112: =IF($CD161<$CC$135,IF($CD161>$CD162,">",""),"") | CO112: =IF(VLOOKUP(21,Formations!$A$3:$C$25,1)=21,VLOOKUP(21,Formations!$A$3:$C$25,2)," ") | CP112: =IF(VLOOKUP(21,Formations!$A$3:$C$25,1)=21,VLOOKUP(21,Formations!$A$3:$C$25,3)," ")
AI113: =IF($AR162<$AQ$135,IF($AR162>$AR163,"<",""),"") | AM113: =IF($AR162<$AQ$135,IF($AR162>$AR163,">",""),"") | AQ113: =IF(VLOOKUP(22,Formations!$A$3:$C$25,1)=22,VLOOKUP(22,Formations!$A$3:$C$25,2)," ") | AR113: =IF(VLOOKUP(22,Formations!$A$3:$C$25,1)=22,VLOOKUP(22,Formations!$A$3:$C$25,3)," ") | AU113: ='Casing Review'!$B$34 | AV113: ' TVD | AZ113: =IF($BH162<$BG$135,IF($BH162>$BH163,"<",""),"") | BA113: =IF($BZ$115>$AV182,IF($BZ$115<$AV183+0.1,"X",""),"") | BC113: =IF($BZ$115>$AV182,IF($BZ$115<$AV183+0.1,"X",""),"") | BD113: =IF($BH162<$BG$135,IF($BH162>$BH163,">",""),"") | BG113: =IF(VLOOKUP(22,Formations!$A$3:$C$25,1)=22,VLOOKUP(22,Formations!$A$3:$C$25,2)," ") | BH113: =IF(VLOOKUP(22,Formations!$A$3:$C$25,1)=22,VLOOKUP(22,Formations!$A$3:$C$25,3)," ") | BL113: ='Casing Review'!$B$49 | BM113: ' TVD | BP113: =IF($BM162<$BL$135,IF($BM162>$BM163,"<",""),"") | BQ113: =IF($BY162<$BX$135,IF($BY162>$BY163,"<",""),"") | BR113: =IF($BZ$115>$BM204,IF($BZ$115<$BM205+0.1,"X",""),"") | BT113: =IF($BZ$115>$BM204,IF($BZ$115<$BM205+0.1,"X",""),"") | BU113: =IF($BY162<$BX$135,IF($BY162>$BY163,">",""),"") | BV113: =IF($BM162<$BL$135,IF($BM162>$BM163,">",""),"") | BX113: =IF(VLOOKUP(22,Formations!$A$3:$C$25,1)=22,VLOOKUP(22,Formations!$A$3:$C$25,2)," ") | BY113: =IF(VLOOKUP(22,Formations!$A$3:$C$25,1)=22,VLOOKUP(22,Formations!$A$3:$C$25,3)," ") | CG113: =IF($CD162<$CC$135,IF($CD162>$CD163,"<",""),"") | CM113: =IF($CD162<$CC$135,IF($CD162>$CD163,">",""),"") | CO113: =IF(VLOOKUP(22,Formations!$A$3:$C$25,1)=22,VLOOKUP(22,Formations!$A$3:$C$25,2)," ") | CP113: =IF(VLOOKUP(22,Formations!$A$3:$C$25,1)=22,VLOOKUP(22,Formations!$A$3:$C$25,3)," ")
AI114: =IF($AR163<$AQ$135,IF($AR163>$AR164,"<",""),"") | AM114: =IF($AR163<$AQ$135,IF($AR163>$AR164,">",""),"") | AQ114: =IF(VLOOKUP(23,Formations!$A$3:$C$25,1)=23,VLOOKUP(23,Formations!$A$3:$C$25,2)," ") | AR114: =IF(VLOOKUP(23,Formations!$A$3:$C$25,1)=23,VLOOKUP(23,Formations!$A$3:$C$25,3)," ") | AU114: ='Casing Review'!$R$27 | AV114: ' TOC | AZ114: =IF($BH163<$BG$135,IF($BH163>$BH164,"<",""),"") | BA114: =IF($BZ$115>$AV183,IF($BZ$115<$AV184+0.1,"X",""),"") | BC114: =IF($BZ$115>$AV183,IF($BZ$115<$AV184+0.1,"X",""),"") | BD114: =IF($BH163<$BG$135,IF($BH163>$BH164,">",""),"") | BG114: =IF(VLOOKUP(23,Formations!$A$3:$C$25,1)=23,VLOOKUP(23,Formations!$A$3:$C$25,2)," ") | BH114: =IF(VLOOKUP(23,Formations!$A$3:$C$25,1)=23,VLOOKUP(23,Formations!$A$3:$C$25,3)," ") | BI114: TOL | BL114: ='Casing Review'!$R$42 | BM114: ' TOC | BP114: =IF($BM163<$BL$135,IF($BM163>$BM164,"<",""),"") | BQ114: =IF($BY163<$BX$135,IF($BY163>$BY164,"<",""),"") | BR114: =IF($BZ$115>$BM205,IF($BZ$115<$BM206+0.1,"X",""),"") | BT114: =IF($BZ$115>$BM205,IF($BZ$115<$BM206+0.1,"X",""),"") | BU114: =IF($BY163<$BX$135,IF($BY163>$BY164,">",""),"") | BV114: =IF($BM163<$BL$135,IF($BM163>$BM164,">",""),"") | BX114: =IF(VLOOKUP(23,Formations!$A$3:$C$25,1)=23,VLOOKUP(23,Formations!$A$3:$C$25,2)," ") | BY114: =IF(VLOOKUP(23,Formations!$A$3:$C$25,1)=23,VLOOKUP(23,Formations!$A$3:$C$25,3)," ") | BZ114: =IF('Casing Review'!B69=0,"","TOL") | CG114: =IF($CD163<$CC$135,IF($CD163>$CD164,"<",""),"") | CM114: =IF($CD163<$CC$135,IF($CD163>$CD164,">",""),"") | CO114: =IF(VLOOKUP(23,Formations!$A$3:$C$25,1)=23,VLOOKUP(23,Formations!$A$3:$C$25,2)," ") | CP114: =IF(VLOOKUP(23,Formations!$A$3:$C$25,1)=23,VLOOKUP(23,Formations!$A$3:$C$25,3)," ")
AI115: =IF($AR164<$AQ$135,IF($AR164>$AR165,"<",""),"") | AM115: =IF($AR164<$AQ$135,IF($AR164>$AR165,">",""),"") | AQ115: =IF(VLOOKUP(24,Formations!$A$3:$C$25,1)=24,VLOOKUP(24,Formations!$A$3:$C$25,2)," ") | AR115: =IF(VLOOKUP(24,Formations!$A$3:$C$25,1)=24,VLOOKUP(24,Formations!$A$3:$C$25,3)," ") | AU115: ='Casing Review'!$R$28 | AV115: ' Tail | AZ115: =IF($BH164<$BG$135,IF($BH164>$BH165,"<",""),"") | BA115: =IF($BZ$115>$AV184,IF($BZ$115<$AV185+0.1,"X",""),"") | BC115: =IF($BZ$115>$AV184,IF($BZ$115<$AV185+0.1,"X",""),"") | BD115: =IF($BH164<$BG$135,IF($BH164>$BH165,">",""),"") | BG115: =IF(VLOOKUP(24,Formations!$A$3:$C$25,1)=24,VLOOKUP(24,Formations!$A$3:$C$25,2)," ") | BH115: =IF(VLOOKUP(24,Formations!$A$3:$C$25,1)=24,VLOOKUP(24,Formations!$A$3:$C$25,3)," ") | BI115: ='Casing Review'!B69 | BJ115: ' MD | BL115: ='Casing Review'!$R$43 | BM115: ' Tail | BP115: =IF($BM164<$BL$135,IF($BM164>$BM165,"<",""),"") | BQ115: =IF($BY164<$BX$135,IF($BY164>$BY165,"<",""),"") | BR115: =IF($BZ$115>$BM206,IF($BZ$115<$BM207+0.1,"X",""),"") | BT115: =IF($BZ$115>$BM206,IF($BZ$115<$BM207+0.1,"X",""),"") | BU115: =IF($BY164<$BX$135,IF($BY164>$BY165,">",""),"") | BV115: =IF($BM164<$BL$135,IF($BM164>$BM165,">",""),"") | BX115: =IF(VLOOKUP(24,Formations!$A$3:$C$25,1)=24,VLOOKUP(24,Formations!$A$3:$C$25,2)," ") | BY115: =IF(VLOOKUP(24,Formations!$A$3:$C$25,1)=24,VLOOKUP(24,Formations!$A$3:$C$25,3)," ") | BZ115: ='Casing Review'!B69 | CA115: =IF('Casing Review'!B69=0,"","' MD") | CO115: =IF(VLOOKUP(24,Formations!$A$3:$C$25,1)=24,VLOOKUP(24,Formations!$A$3:$C$25,2)," ") | CP115: =IF(VLOOKUP(24,Formations!$A$3:$C$25,1)=24,VLOOKUP(24,Formations!$A$3:$C$25,3)," ")
AI116: =IF($AR165<$AQ$135,IF($AR165>$AR166,"<",""),"") | AM116: =IF($AR165<$AQ$135,IF($AR165>$AR166,">",""),"") | AQ116: =IF(VLOOKUP(25,Formations!$A$3:$C$25,1)=25,VLOOKUP(25,Formations!$A$3:$C$25,2)," ") | AR116: =IF(VLOOKUP(25,Formations!$A$3:$C$25,1)=25,VLOOKUP(25,Formations!$A$3:$C$25,3)," ") | AU116: ='Casing Review'!B35 | AV116: % Washout | AZ116: =IF($BH165<$BG$135,IF($BH165>$BH166,"<",""),"") | BA116: =IF($BZ$115>$AV185,IF($BZ$115<$AV186+0.1,"X",""),"") | BC116: =IF($BZ$115>$AV185,IF($BZ$115<$AV186+0.1,"X",""),"") | BD116: =IF($BH165<$BG$135,IF($BH165>$BH166,">",""),"") | BG116: =IF(VLOOKUP(25,Formations!$A$3:$C$25,1)=25,VLOOKUP(25,Formations!$A$3:$C$25,2)," ") | BH116: =IF(VLOOKUP(25,Formations!$A$3:$C$25,1)=25,VLOOKUP(25,Formations!$A$3:$C$25,3)," ") | BI116: ='Casing Review'!D69 | BJ116: ' TVD | BL116: ='Casing Review'!B50 | BM116: % Washout | BP116: =IF($BM165<$BL$135,IF($BM165>$BM166,"<",""),"") | BQ116: =IF($BY165<$BX$135,IF($BY165>$BY166,"<",""),"") | BR116: =IF($BZ$115>$BM207,IF($BZ$115<$BM208+0.1,"X",""),"") | BT116: =IF($BZ$115>$BM207,IF($BZ$115<$BM208+0.1,"X",""),"") | BU116: =IF($BY165<$BX$135,IF($BY165>$BY166,">",""),"") | BV116: =IF($BM165<$BL$135,IF($BM165>$BM166,">",""),"") | BX116: =IF(VLOOKUP(25,Formations!$A$3:$C$25,1)=25,VLOOKUP(25,Formations!$A$3:$C$25,2)," ") | BY116: =IF(VLOOKUP(25,Formations!$A$3:$C$25,1)=25,VLOOKUP(25,Formations!$A$3:$C$25,3)," ") | BZ116: =IF('Casing Review'!B69=0,"",'Casing Review'!D69) | CA116: =IF('Casing Review'!B69=0,"","' TVD") | CO116: =IF(VLOOKUP(25,Formations!$A$3:$C$25,1)=25,VLOOKUP(25,Formations!$A$3:$C$25,2)," ") | CP116: =IF(VLOOKUP(25,Formations!$A$3:$C$25,1)=25,VLOOKUP(25,Formations!$A$3:$C$25,3)," ")
AQ117: =IF(VLOOKUP(26,Formations!$A$3:$C$25,1)=26,VLOOKUP(26,Formations!$A$3:$C$25,2)," ") | AR117: =IF(VLOOKUP(26,Formations!$A$3:$C$25,1)=26,VLOOKUP(26,Formations!$A$3:$C$25,3)," ") | AU117: ='Casing Review'!$B$27 | AV117: " Hole | AZ117: =IF($BH166<$BG$135,IF($BH166>$BH167,"<",""),"") | BA117: =IF($BZ$115>$AV186,IF($BZ$115<$AV187+0.1,"X",""),"") | BC117: =IF($BZ$115>$AV186,IF($BZ$115<$AV187+0.1,"X",""),"") | BD117: =IF($BH166<$BG$135,IF($BH166>$BH167,">",""),"") | BG117: =IF(VLOOKUP(26,Formations!$A$3:$C$25,1)=26,VLOOKUP(26,Formations!$A$3:$C$25,2)," ") | BH117: =IF(VLOOKUP(26,Formations!$A$3:$C$25,1)=26,VLOOKUP(26,Formations!$A$3:$C$25,3)," ") | BL117: ='Casing Review'!$B$42 | BM117: " Hole | BP117: =IF($BM166<$BL$135,IF($BM166>$BM167,"<",""),"") | BQ117: =IF($BY166<$BX$135,IF($BY166>$BY167,"<",""),"") | BR117: =IF($BZ$115>$BM208,IF($BZ$115<$BM209+0.1,"X",""),"") | BT117: =IF($BZ$115>$BM208,IF($BZ$115<$BM209+0.1,"X",""),"") | BU117: =IF($BY166<$BX$135,IF($BY166>$BY167,">",""),"") | BV117: =IF($BM166<$BL$135,IF($BM166>$BM167,">",""),"") | BX117: =IF(VLOOKUP(26,Formations!$A$3:$C$25,1)=26,VLOOKUP(26,Formations!$A$3:$C$25,2)," ") | BY117: =IF(VLOOKUP(26,Formations!$A$3:$C$25,1)=26,VLOOKUP(26,Formations!$A$3:$C$25,3)," ") | CO117: =IF(VLOOKUP(26,Formations!$A$3:$C$25,1)=26,VLOOKUP(26,Formations!$A$3:$C$25,2)," ") | CP117: =IF(VLOOKUP(26,Formations!$A$3:$C$25,1)=26,VLOOKUP(26,Formations!$A$3:$C$25,3)," ")
AQ118: =IF(VLOOKUP(27,Formations!$A$3:$C$25,1)=27,VLOOKUP(27,Formations!$A$3:$C$25,2)," ") | AR118: =IF(VLOOKUP(27,Formations!$A$3:$C$25,1)=27,VLOOKUP(27,Formations!$A$3:$C$25,3)," ") | AZ118: =IF($BH167<$BG$135,IF($BH167>$BH168,"<",""),"") | BA118: =IF($BZ$115>$AV187,IF($BZ$115<$AV188+0.1,"X",""),"") | BC118: =IF($BZ$115>$AV187,IF($BZ$115<$AV188+0.1,"X",""),"") | BD118: =IF($BH167<$BG$135,IF($BH167>$BH168,">",""),"") | BG118: =IF(VLOOKUP(27,Formations!$A$3:$C$25,1)=27,VLOOKUP(27,Formations!$A$3:$C$25,2)," ") | BH118: =IF(VLOOKUP(27,Formations!$A$3:$C$25,1)=27,VLOOKUP(27,Formations!$A$3:$C$25,3)," ") | BP118: =IF($BM167<$BL$135,IF($BM167>$BM168,"<",""),"") | BQ118: =IF($BY167<$BX$135,IF($BY167>$BY168,"<",""),"") | BR118: =IF($BZ$115>$BM209,IF($BZ$115<$BM210+0.1,"X",""),"") | BT118: =IF($BZ$115>$BM209,IF($BZ$115<$BM210+0.1,"X",""),"") | BU118: =IF($BY167<$BX$135,IF($BY167>$BY168,">",""),"") | BV118: =IF($BM167<$BL$135,IF($BM167>$BM168,">",""),"") | BX118: =IF(VLOOKUP(27,Formations!$A$3:$C$25,1)=27,VLOOKUP(27,Formations!$A$3:$C$25,2)," ") | BY118: =IF(VLOOKUP(27,Formations!$A$3:$C$25,1)=27,VLOOKUP(27,Formations!$A$3:$C$25,3)," ") | CO118: =IF(VLOOKUP(27,Formations!$A$3:$C$25,1)=27,VLOOKUP(27,Formations!$A$3:$C$25,2)," ") | CP118: =IF(VLOOKUP(27,Formations!$A$3:$C$25,1)=27,VLOOKUP(27,Formations!$A$3:$C$25,3)," ")
AD119: =IF('Casing Review'!$E$9="y","HL @","") | AE119: =IF('Casing Review'!$E$9="y",DxSurvey!C9,"") | AF119: =IF('Casing Review'!$E$9="y","' MD","") | AQ119: =IF(VLOOKUP(28,Formations!$A$3:$C$25,1)=28,VLOOKUP(28,Formations!$A$3:$C$25,2)," ") | AR119: =IF(VLOOKUP(28,Formations!$A$3:$C$25,1)=28,VLOOKUP(28,Formations!$A$3:$C$25,3)," ") | AU119: =AD119 | AV119: =AE119 | AW119: =IF('Casing Review'!$E$9="y","' MD","") | AZ119: =IF($BH168<$BG$135,IF($BH168>$BH169,"<",""),"") | BA119: =IF($BZ$115>$AV188,IF($BZ$115<$AV189+0.1,"X",""),"") | BC119: =IF($BZ$115>$AV188,IF($BZ$115<$AV189+0.1,"X",""),"") | BD119: =IF($BH168<$BG$135,IF($BH168>$BH169,">",""),"") | BG119: =IF(VLOOKUP(28,Formations!$A$3:$C$25,1)=28,VLOOKUP(28,Formations!$A$3:$C$25,2)," ") | BH119: =IF(VLOOKUP(28,Formations!$A$3:$C$25,1)=28,VLOOKUP(28,Formations!$A$3:$C$25,3)," ") | BL119: =AU119 | BM119: =AV119 | BN119: =IF('Casing Review'!$E$9="y","' MD","") | BP119: =IF($BM168<$BL$135,IF($BM168>$BM169,"<",""),"") | BQ119: =IF($BY168<$BX$135,IF($BY168>$BY169,"<",""),"") | BR119: =IF($BZ$115>$BM210,IF($BZ$115<$BM211+0.1,"X",""),"") | BT119: =IF($BZ$115>$BM210,IF($BZ$115<$BM211+0.1,"X",""),"") | BU119: =IF($BY168<$BX$135,IF($BY168>$BY169,">",""),"") | BV119: =IF($BM168<$BL$135,IF($BM168>$BM169,">",""),"") | BX119: =IF(VLOOKUP(28,Formations!$A$3:$C$25,1)=28,VLOOKUP(28,Formations!$A$3:$C$25,2)," ") | BY119: =IF(VLOOKUP(28,Formations!$A$3:$C$25,1)=28,VLOOKUP(28,Formations!$A$3:$C$25,3)," ") | CC119: =BL119 | CD119: =BM119 | CE119: =IF('Casing Review'!$E$9="y","' MD","") | CO119: =IF(VLOOKUP(28,Formations!$A$3:$C$25,1)=28,VLOOKUP(28,Formations!$A$3:$C$25,2)," ") | CP119: =IF(VLOOKUP(28,Formations!$A$3:$C$25,1)=28,VLOOKUP(28,Formations!$A$3:$C$25,3)," ")
AC120: =IF('Casing Review'!$E$9="y",DxSurvey!U46,"") | AD120: =IF('Casing Review'!$E$9="y",DxSurvey!V46,"") | AE120: =IF('Casing Review'!$E$9="y",DxSurvey!W46,"") | AF120: =IF('Casing Review'!$E$9="y",DxSurvey!X46,"") | AQ120: =IF(VLOOKUP(29,Formations!$A$3:$C$25,1)=29,VLOOKUP(29,Formations!$A$3:$C$25,2)," ") | AR120: =IF(VLOOKUP(29,Formations!$A$3:$C$25,1)=29,VLOOKUP(29,Formations!$A$3:$C$25,3)," ") | AT120: =AC120 | AU120: =AD120 | AV120: =AE120 | AW120: =AF120 | AZ120: =IF($BH169<$BG$135,IF($BH169>$BH170,"<",""),"") | BA120: =IF($BZ$115>$AV189,IF($BZ$115<$AV190+0.1,"X",""),"") | BC120: =IF($BZ$115>$AV189,IF($BZ$115<$AV190+0.1,"X",""),"") | BD120: =IF($BH169<$BG$135,IF($BH169>$BH170,">",""),"") | BG120: =IF(VLOOKUP(29,Formations!$A$3:$C$25,1)=29,VLOOKUP(29,Formations!$A$3:$C$25,2)," ") | BH120: =IF(VLOOKUP(29,Formations!$A$3:$C$25,1)=29,VLOOKUP(29,Formations!$A$3:$C$25,3)," ") | BK120: =AT120 | BL120: =AU120 | BM120: =AV120 | BN120: =AW120 | BP120: =IF($BM169<$BL$135,IF($BM169>$BM170,"<",""),"") | BQ120: =IF($BY169<$BX$135,IF($BY169>$BY170,"<",""),"") | BR120: =IF($BZ$115>$BM211,IF($BZ$115<$BM212+0.1,"X",""),"") | BT120: =IF($BZ$115>$BM211,IF($BZ$115<$BM212+0.1,"X",""),"") | BU120: =IF($BY169<$BX$135,IF($BY169>$BY170,">",""),"") | BV120: =IF($BM169<$BL$135,IF($BM169>$BM170,">",""),"") | BX120: =IF(VLOOKUP(29,Formations!$A$3:$C$25,1)=29,VLOOKUP(29,Formations!$A$3:$C$25,2)," ") | BY120: =IF(VLOOKUP(29,Formations!$A$3:$C$25,1)=29,VLOOKUP(29,Formations!$A$3:$C$25,3)," ") | CB120: =BK120 | CC120: =BL120 | CD120: =BM120 | CE120: =BN120 | CO120: =IF(VLOOKUP(29,Formations!$A$3:$C$25,1)=29,VLOOKUP(29,Formations!$A$3:$C$25,2)," ") | CP120: =IF(VLOOKUP(29,Formations!$A$3:$C$25,1)=29,VLOOKUP(29,Formations!$A$3:$C$25,3)," ")
AQ121: =IF(VLOOKUP(30,Formations!$A$3:$C$25,1)=30,VLOOKUP(30,Formations!$A$3:$C$25,2)," ") | AR121: =IF(VLOOKUP(30,Formations!$A$3:$C$25,1)=30,VLOOKUP(30,Formations!$A$3:$C$25,3)," ") | AZ121: =IF($BH170<$BG$135,IF($BH170>$BH171,"<",""),"") | BA121: =IF($BZ$115>$AV190,IF($BZ$115<$AV191+0.1,"X",""),"") | BC121: =IF($BZ$115>$AV190,IF($BZ$115<$AV191+0.1,"X",""),"") | BD121: =IF($BH170<$BG$135,IF($BH170>$BH171,">",""),"") | BG121: =IF(VLOOKUP(30,Formations!$A$3:$C$25,1)=30,VLOOKUP(30,Formations!$A$3:$C$25,2)," ") | BH121: =IF(VLOOKUP(30,Formations!$A$3:$C$25,1)=30,VLOOKUP(30,Formations!$A$3:$C$25,3)," ") | BP121: =IF($BM170<$BL$135,IF($BM170>$BM171,"<",""),"") | BQ121: =IF($BY170<$BX$135,IF($BY170>$BY171,"<",""),"") | BR121: =IF($BZ$115>$BM212,IF($BZ$115<$BM213+0.1,"X",""),"") | BT121: =IF($BZ$115>$BM212,IF($BZ$115<$BM213+0.1,"X",""),"") | BU121: =IF($BY170<$BX$135,IF($BY170>$BY171,">",""),"") | BV121: =IF($BM170<$BL$135,IF($BM170>$BM171,">",""),"") | BX121: =IF(VLOOKUP(30,Formations!$A$3:$C$25,1)=30,VLOOKUP(30,Formations!$A$3:$C$25,2)," ") | BY121: =IF(VLOOKUP(30,Formations!$A$3:$C$25,1)=30,VLOOKUP(30,Formations!$A$3:$C$25,3)," ") | CO121: =IF(VLOOKUP(30,Formations!$A$3:$C$25,1)=30,VLOOKUP(30,Formations!$A$3:$C$25,2)," ") | CP121: =IF(VLOOKUP(30,Formations!$A$3:$C$25,1)=30,VLOOKUP(30,Formations!$A$3:$C$25,3)," ")
AQ122: =IF(VLOOKUP(31,Formations!$A$3:$C$25,1)=31,VLOOKUP(31,Formations!$A$3:$C$25,2)," ") | AR122: =IF(VLOOKUP(31,Formations!$A$3:$C$25,1)=31,VLOOKUP(31,Formations!$A$3:$C$25,3)," ") | AZ122: =IF($BH171<$BG$135,IF($BH171>$BH172,"<",""),"") | BA122: =IF($BZ$115>$AV191,IF($BZ$115<$AV192+0.1,"X",""),"") | BC122: =IF($BZ$115>$AV191,IF($BZ$115<$AV192+0.1,"X",""),"") | BD122: =IF($BH171<$BG$135,IF($BH171>$BH172,">",""),"") | BG122: =IF(VLOOKUP(31,Formations!$A$3:$C$25,1)=31,VLOOKUP(31,Formations!$A$3:$C$25,2)," ") | BH122: =IF(VLOOKUP(31,Formations!$A$3:$C$25,1)=31,VLOOKUP(31,Formations!$A$3:$C$25,3)," ") | BP122: =IF($BM171<$BL$135,IF($BM171>$BM172,"<",""),"") | BQ122: =IF($BY171<$BX$135,IF($BY171>$BY172,"<",""),"") | BR122: =IF($BZ$115>$BM213,IF($BZ$115<$BM214+0.1,"X",""),"") | BT122: =IF($BZ$115>$BM213,IF($BZ$115<$BM214+0.1,"X",""),"") | BU122: =IF($BY171<$BX$135,IF($BY171>$BY172,">",""),"") | BV122: =IF($BM171<$BL$135,IF($BM171>$BM172,">",""),"") | BX122: =IF(VLOOKUP(31,Formations!$A$3:$C$25,1)=31,VLOOKUP(31,Formations!$A$3:$C$25,2)," ") | BY122: =IF(VLOOKUP(31,Formations!$A$3:$C$25,1)=31,VLOOKUP(31,Formations!$A$3:$C$25,3)," ") | CO122: =IF(VLOOKUP(31,Formations!$A$3:$C$25,1)=31,VLOOKUP(31,Formations!$A$3:$C$25,2)," ") | CP122: =IF(VLOOKUP(31,Formations!$A$3:$C$25,1)=31,VLOOKUP(31,Formations!$A$3:$C$25,3)," ")
AD123: ='Casing Review'!C42 | AE123: " Casing | AQ123: =IF(VLOOKUP(32,Formations!$A$3:$C$25,1)=32,VLOOKUP(32,Formations!$A$3:$C$25,2)," ") | AR123: =IF(VLOOKUP(32,Formations!$A$3:$C$25,1)=32,VLOOKUP(32,Formations!$A$3:$C$25,3)," ") | AU123: ='Casing Review'!C57 | AV123: " Liner | AZ123: =IF($BH172<$BG$135,IF($BH172>$BH173,"<",""),"") | BA123: =IF($BZ$115>$AV192,IF($BZ$115<$AV193+0.1,"X",""),"") | BC123: =IF($BZ$115>$AV192,IF($BZ$115<$AV193+0.1,"X",""),"") | BD123: =IF($BH172<$BG$135,IF($BH172>$BH173,">",""),"") | BG123: =IF(VLOOKUP(32,Formations!$A$3:$C$25,1)=32,VLOOKUP(32,Formations!$A$3:$C$25,2)," ") | BH123: =IF(VLOOKUP(32,Formations!$A$3:$C$25,1)=32,VLOOKUP(32,Formations!$A$3:$C$25,3)," ") | BL123: ='Casing Review'!C57 | BM123: =IF('Casing Review'!B69=0,"'' Casing","'' Liner") | BP123: =IF($BM172<$BL$135,IF($BM172>$BM173,"<",""),"") | BQ123: =IF($BY172<$BX$135,IF($BY172>$BY173,"<",""),"") | BR123: =IF($BZ$115>$BM214,IF($BZ$115<$BM215+0.1,"X",""),"") | BT123: =IF($BZ$115>$BM214,IF($BZ$115<$BM215+0.1,"X",""),"") | BU123: =IF($BY172<$BX$135,IF($BY172>$BY173,">",""),"") | BV123: =IF($BM172<$BL$135,IF($BM172>$BM173,">",""),"") | BX123: =IF(VLOOKUP(32,Formations!$A$3:$C$25,1)=32,VLOOKUP(32,Formations!$A$3:$C$25,2)," ") | BY123: =IF(VLOOKUP(32,Formations!$A$3:$C$25,1)=32,VLOOKUP(32,Formations!$A$3:$C$25,3)," ") | CC123: ='Casing Review'!C27 | CD123: " Casing | CO123: =IF(VLOOKUP(32,Formations!$A$3:$C$25,1)=32,VLOOKUP(32,Formations!$A$3:$C$25,2)," ") | CP123: =IF(VLOOKUP(32,Formations!$A$3:$C$25,1)=32,VLOOKUP(32,Formations!$A$3:$C$25,3)," ")
AD124: =MAX('Casing Review'!$D$42:$D$46) | AE124: ' MD | AQ124: =IF(VLOOKUP(33,Formations!$A$3:$C$25,1)=33,VLOOKUP(33,Formations!$A$3:$C$25,2)," ") | AR124: =IF(VLOOKUP(33,Formations!$A$3:$C$25,1)=33,VLOOKUP(33,Formations!$A$3:$C$25,3)," ") | AU124: =MAX('Casing Review'!$D$57:$D$61) | AV124: ' MD | AZ124: =IF($BH173<$BG$135,IF($BH173>$BH174,"<",""),"") | BA124: =IF($BZ$115>$AV193,IF($BZ$115<$AV194+0.1,"X",""),"") | BC124: =IF($BZ$115>$AV193,IF($BZ$115<$AV194+0.1,"X",""),"") | BD124: =IF($BH173<$BG$135,IF($BH173>$BH174,">",""),"") | BG124: =IF(VLOOKUP(33,Formations!$A$3:$C$25,1)=33,VLOOKUP(33,Formations!$A$3:$C$25,2)," ") | BH124: =IF(VLOOKUP(33,Formations!$A$3:$C$25,1)=33,VLOOKUP(33,Formations!$A$3:$C$25,3)," ") | BL124: =MAX('Casing Review'!$D$57:$D$61) | BM124: ' MD | BP124: =IF($BM173<$BL$135,IF($BM173>$BM174,"<",""),"") | BQ124: =IF($BY173<$BX$135,IF($BY173>$BY174,"<",""),"") | BR124: =IF($BZ$115>$BM215,IF($BZ$115<$BM216+0.1,"X",""),"") | BT124: =IF($BZ$115>$BM215,IF($BZ$115<$BM216+0.1,"X",""),"") | BU124: =IF($BY173<$BX$135,IF($BY173>$BY174,">",""),"") | BV124: =IF($BM173<$BL$135,IF($BM173>$BM174,">",""),"") | BX124: =IF(VLOOKUP(33,Formations!$A$3:$C$25,1)=33,VLOOKUP(33,Formations!$A$3:$C$25,2)," ") | BY124: =IF(VLOOKUP(33,Formations!$A$3:$C$25,1)=33,VLOOKUP(33,Formations!$A$3:$C$25,3)," ") | CC124: =MAX('Casing Review'!$D$27:$D$32) | CD124: ' MD | CO124: =IF(VLOOKUP(33,Formations!$A$3:$C$25,1)=33,VLOOKUP(33,Formations!$A$3:$C$25,2)," ") | CP124: =IF(VLOOKUP(33,Formations!$A$3:$C$25,1)=33,VLOOKUP(33,Formations!$A$3:$C$25,3)," ")
AD125: ='Casing Review'!$B$49 | AE125: ' TVD | AQ125: =IF(VLOOKUP(34,Formations!$A$3:$C$25,1)=34,VLOOKUP(34,Formations!$A$3:$C$25,2)," ") | AR125: =IF(VLOOKUP(34,Formations!$A$3:$C$25,1)=34,VLOOKUP(34,Formations!$A$3:$C$25,3)," ") | AU125: ='Casing Review'!$B$64 | AV125: ' TVD | AZ125: =IF($BH174<$BG$135,IF($BH174>$BH175,"<",""),"") | BA125: =IF($BZ$115>$AV194,IF($BZ$115<$AV195+0.1,"X",""),"") | BC125: =IF($BZ$115>$AV194,IF($BZ$115<$AV195+0.1,"X",""),"") | BD125: =IF($BH174<$BG$135,IF($BH174>$BH175,">",""),"") | BG125: =IF(VLOOKUP(34,Formations!$A$3:$C$25,1)=34,VLOOKUP(34,Formations!$A$3:$C$25,2)," ") | BH125: =IF(VLOOKUP(34,Formations!$A$3:$C$25,1)=34,VLOOKUP(34,Formations!$A$3:$C$25,3)," ") | BL125: ='Casing Review'!$B$64 | BM125: ' TVD | BQ125: =IF($BY174<$BX$135,IF($BY174>$BY175,"<",""),"") | BR125: =IF($BZ$115>$BM216,IF($BZ$115<$BM217+0.1,"X",""),"") | BT125: =IF($BZ$115>$BM216,IF($BZ$115<$BM217+0.1,"X",""),"") | BU125: =IF($BY174<$BX$135,IF($BY174>$BY175,">",""),"") | BX125: =IF(VLOOKUP(34,Formations!$A$3:$C$25,1)=34,VLOOKUP(34,Formations!$A$3:$C$25,2)," ") | BY125: =IF(VLOOKUP(34,Formations!$A$3:$C$25,1)=34,VLOOKUP(34,Formations!$A$3:$C$25,3)," ") | CC125: ='Casing Review'!$B$34 | CD125: ' TVD | CO125: =IF(VLOOKUP(34,Formations!$A$3:$C$25,1)=34,VLOOKUP(34,Formations!$A$3:$C$25,2)," ") | CP125: =IF(VLOOKUP(34,Formations!$A$3:$C$25,1)=34,VLOOKUP(34,Formations!$A$3:$C$25,3)," ")
AD126: ='Casing Review'!$R$42 | AE126: ' TOC | AQ126: =IF(VLOOKUP(35,Formations!$A$3:$C$25,1)=35,VLOOKUP(35,Formations!$A$3:$C$25,2)," ") | AR126: =IF(VLOOKUP(35,Formations!$A$3:$C$25,1)=35,VLOOKUP(35,Formations!$A$3:$C$25,3)," ") | AU126: ='Casing Review'!$R$57 | AV126: ' TOC | AZ126: =IF($BH175<$BG$135,IF($BH175>$BH176,"<",""),"") | BA126: =IF($BZ$115>$AV195,IF($BZ$115<$AV196+0.1,"X",""),"") | BC126: =IF($BZ$115>$AV195,IF($BZ$115<$AV196+0.1,"X",""),"") | BD126: =IF($BH175<$BG$135,IF($BH175>$BH176,">",""),"") | BG126: =IF(VLOOKUP(35,Formations!$A$3:$C$25,1)=35,VLOOKUP(35,Formations!$A$3:$C$25,2)," ") | BH126: =IF(VLOOKUP(35,Formations!$A$3:$C$25,1)=35,VLOOKUP(35,Formations!$A$3:$C$25,3)," ") | BL126: ='Casing Review'!$R$57 | BM126: ' TOC | BQ126: =IF($BY175<$BX$135,IF($BY175>$BY176,"<",""),"") | BR126: =IF($BZ$115>$BM217,IF($BZ$115<$BM218+0.1,"X",""),"") | BT126: =IF($BZ$115>$BM217,IF($BZ$115<$BM218+0.1,"X",""),"") | BU126: =IF($BY175<$BX$135,IF($BY175>$BY176,">",""),"") | BX126: =IF(VLOOKUP(35,Formations!$A$3:$C$25,1)=35,VLOOKUP(35,Formations!$A$3:$C$25,2)," ") | BY126: =IF(VLOOKUP(35,Formations!$A$3:$C$25,1)=35,VLOOKUP(35,Formations!$A$3:$C$25,3)," ") | CC126: ='Casing Review'!$R$27 | CD126: ' TOC | CO126: =IF(VLOOKUP(35,Formations!$A$3:$C$25,1)=35,VLOOKUP(35,Formations!$A$3:$C$25,2)," ") | CP126: =IF(VLOOKUP(35,Formations!$A$3:$C$25,1)=35,VLOOKUP(35,Formations!$A$3:$C$25,3)," ")
AD127: ='Casing Review'!$R$43 | AE127: ' Tail | AQ127: =IF(VLOOKUP(36,Formations!$A$3:$C$25,1)=36,VLOOKUP(36,Formations!$A$3:$C$25,2)," ") | AR127: =IF(VLOOKUP(36,Formations!$A$3:$C$25,1)=36,VLOOKUP(36,Formations!$A$3:$C$25,3)," ") | AU127: ='Casing Review'!$R$58 | AV127: ' Tail | AZ127: =IF($BH176<$BG$135,IF($BH176>$BH177,"<",""),"") | BA127: =IF($BZ$115>$AV196,IF($BZ$115<$AV197+0.1,"X",""),"") | BC127: =IF($BZ$115>$AV196,IF($BZ$115<$AV197+0.1,"X",""),"") | BD127: =IF($BH176<$BG$135,IF($BH176>$BH177,">",""),"") | BG127: =IF(VLOOKUP(36,Formations!$A$3:$C$25,1)=36,VLOOKUP(36,Formations!$A$3:$C$25,2)," ") | BH127: =IF(VLOOKUP(36,Formations!$A$3:$C$25,1)=36,VLOOKUP(36,Formations!$A$3:$C$25,3)," ") | BL127: ='Casing Review'!$R$58 | BM127: ' Tail | BQ127: =IF($BY176<$BX$135,IF($BY176>$BY177,"<",""),"") | BR127: =IF($BZ$115>$BM218,IF($BZ$115<$BM219+0.1,"X",""),"") | BT127: =IF($BZ$115>$BM218,IF($BZ$115<$BM219+0.1,"X",""),"") | BU127: =IF($BY176<$BX$135,IF($BY176>$BY177,">",""),"") | BX127: =IF(VLOOKUP(36,Formations!$A$3:$C$25,1)=36,VLOOKUP(36,Formations!$A$3:$C$25,2)," ") | BY127: =IF(VLOOKUP(36,Formations!$A$3:$C$25,1)=36,VLOOKUP(36,Formations!$A$3:$C$25,3)," ") | CC127: ='Casing Review'!$R$28 | CD127: ' Tail | CO127: =IF(VLOOKUP(36,Formations!$A$3:$C$25,1)=36,VLOOKUP(36,Formations!$A$3:$C$25,2)," ") | CP127: =IF(VLOOKUP(36,Formations!$A$3:$C$25,1)=36,VLOOKUP(36,Formations!$A$3:$C$25,3)," ")
AD128: ='Casing Review'!B50 | AE128: % Washout | AJ128: < | AL128: > | AQ128: =IF(VLOOKUP(37,Formations!$A$3:$C$25,1)=37,VLOOKUP(37,Formations!$A$3:$C$25,2)," ") | AR128: =IF(VLOOKUP(37,Formations!$A$3:$C$25,1)=37,VLOOKUP(37,Formations!$A$3:$C$25,3)," ") | AU128: =BL128 | AV128: % Washout | BA128: < | BC128: > | BG128: =IF(VLOOKUP(37,Formations!$A$3:$C$25,1)=37,VLOOKUP(37,Formations!$A$3:$C$25,2)," ") | BH128: =IF(VLOOKUP(37,Formations!$A$3:$C$25,1)=37,VLOOKUP(37,Formations!$A$3:$C$25,3)," ") | BL128: ='Casing Review'!B65 | BM128: % Washout | BR128: < | BT128: > | BX128: =IF(VLOOKUP(37,Formations!$A$3:$C$25,1)=37,VLOOKUP(37,Formations!$A$3:$C$25,2)," ") | BY128: =IF(VLOOKUP(37,Formations!$A$3:$C$25,1)=37,VLOOKUP(37,Formations!$A$3:$C$25,3)," ") | CC128: ='Casing Review'!B35 | CD128: % Washout | CH128: < | CL128: > | CO128: =IF(VLOOKUP(37,Formations!$A$3:$C$25,1)=37,VLOOKUP(37,Formations!$A$3:$C$25,2)," ") | CP128: =IF(VLOOKUP(37,Formations!$A$3:$C$25,1)=37,VLOOKUP(37,Formations!$A$3:$C$25,3)," ")
AD129: ='Casing Review'!$B$42 | AE129: " Hole | AQ129: =IF(VLOOKUP(38,Formations!$A$3:$C$25,1)=38,VLOOKUP(38,Formations!$A$3:$C$25,2)," ") | AR129: =IF(VLOOKUP(38,Formations!$A$3:$C$25,1)=38,VLOOKUP(38,Formations!$A$3:$C$25,3)," ") | AU129: ='Casing Review'!$B$57 | AV129: " Hole | BG129: =IF(VLOOKUP(38,Formations!$A$3:$C$25,1)=38,VLOOKUP(38,Formations!$A$3:$C$25,2)," ") | BH129: =IF(VLOOKUP(38,Formations!$A$3:$C$25,1)=38,VLOOKUP(38,Formations!$A$3:$C$25,3)," ") | BL129: ='Casing Review'!$B$57 | BM129: " Hole | BX129: =IF(VLOOKUP(38,Formations!$A$3:$C$25,1)=38,VLOOKUP(38,Formations!$A$3:$C$25,2)," ") | BY129: =IF(VLOOKUP(38,Formations!$A$3:$C$25,1)=38,VLOOKUP(38,Formations!$A$3:$C$25,3)," ") | CC129: ='Casing Review'!$B$27 | CD129: " Hole | CO129: =IF(VLOOKUP(38,Formations!$A$3:$C$25,1)=38,VLOOKUP(38,Formations!$A$3:$C$25,2)," ") | CP129: =IF(VLOOKUP(38,Formations!$A$3:$C$25,1)=38,VLOOKUP(38,Formations!$A$3:$C$25,3)," ")
AH130: =DxSurvey!$U$50 | AJ130: =DxSurvey!$V$50 | AL130: =DxSurvey!$W$50 | AN130: =DxSurvey!$X$50 | AQ130: =IF('Casing Review'!$E$9="y","Calc. BHL","") | AX130: =AH130 | AZ130: =AJ130 | BB130: =AL130 | BD130: =AN130 | BG130: =IF('Casing Review'!$E$9="y","Calc. BHL","") | BO130: =AH130 | BQ130: =AJ130 | BS130: =AL130 | BU130: =AN130 | BX130: =IF('Casing Review'!$E$9="y","Calc. BHL","") | CF130: =AH130 | CH130: =AJ130 | CJ130: =AL130 | CL130: =AN130 | CO130: =IF('Casing Review'!$E$9="y","Calc. BHL","")
AE132: ='SHL Section'!$M$10 | AG132: ='SHL Section'!$N$10 | AI132: ='SHL Section'!$O$10 | AK132: ='SHL Section'!$P$10 | AM132: ='SHL Section'!$Q$10 | AN132: ='SHL Section'!$R$10 | AQ132: ='SHL Section'!$S$10 | AR132: Meridian | AV132: =AE132 | AW132: =AG132 | AZ132: =AI132 | BA132: =AK132 | BD132: =AM132 | BE132: =AN132 | BG132: =AQ132 | BH132: =AR132 | BM132: ='SHL Section'!$M$10 | BO132: ='SHL Section'!$N$10 | BQ132: ='SHL Section'!$O$10 | BS132: ='SHL Section'!$P$10 | BU132: ='SHL Section'!$Q$10 | BV132: ='SHL Section'!$R$10 | BX132: ='SHL Section'!$S$10 | BY132: Meridian | CD132: ='SHL Section'!$M$10 | CF132: ='SHL Section'!$N$10 | CH132: ='SHL Section'!$O$10 | CJ132: ='SHL Section'!$P$10 | CL132: ='SHL Section'!$Q$10 | CM132: ='SHL Section'!$R$10 | CO132: ='SHL Section'!$S$10 | CP132: Meridian
AD134: =AD91 | AE134: =AE91 | AQ134: =AD102 | AR134: =AE102 | AU134: =AU91 | AV134: =AV91 | BG134: =AU111 | BH134: =AV111 | BL134: =BL99 | BM134: =BM99 | BX134: =BL111 | BY134: =BM111 | CC134: =CC98 | CD134: =CD98 | CO134: =CC123 | CP134: =CD123
AD135: =AD92 | AE135: =AE92 | AQ135: =AD103 | AR135: =AE103 | AU135: =AU92 | AV135: =AV92 | BG135: =AU112 | BH135: =AV112 | BL135: =BL100 | BM135: =BM100 | BX135: =BL112 | BY135: =BM112 | CC135: =CC99 | CD135: =CD99 | CO135: =CC124 | CP135: =CD124
AD136: =AD93 | AE136: =AE93 | AQ136: =AD104 | AR136: =AE104 | AU136: =AU93 | AV136: =AV93 | BG136: =AU113 | BH136: =AV113 | BL136: =BL101 | BM136: =BM101 | BX136: =BL113 | BY136: =BM113 | CC136: =CC100 | CD136: =CD100 | CO136: =CC125 | CP136: =CD125
AD137: =IF(AD94="Surface",0,AD94) | AE137: =AE94 | AQ137: =IF(AD105="surface",0,AD105) | AR137: =AE105 | AU137: =IF(AU94="Surface",0,AU94) | AV137: =AV94 | BG137: =IF(AU114="surface",0,AU114) | BH137: =AV114 | BL137: =IF(BL102="Surface",0,BL102) | BM137: =BM102 | BX137: =IF(BL114="surface",0,BL114) | BY137: =BM114 | CC137: =IF(CC101="Surface",0,CC101) | CD137: =CD101 | CO137: =IF(CC126="Surface",0,CC126) | CP137: =CD126
AD138: =AD95 | AE138: =AE95 | AQ138: =AD106 | AR138: =AE106 | AU138: =AU95 | AV138: =AV95 | BG138: =AU115 | BH138: =AV115 | BL138: =BL103 | BM138: =BM103 | BX138: =BL115 | BY138: =BM115 | CC138: =CC102 | CD138: =CD102 | CO138: =CC127 | CP138: =CD127
AD140: 1 | AE140: 0 | AQ140: 1 | AR140: 0 | AU140: 1 | AV140: 0 | BG140: 1 | BH140: 0 | BL140: 1 | BM140: 0 | BX140: 1 | BY140: 0 | CC140: 1 | CD140: 0 | CO140: 1 | CP140: 0
AD141: 2 | AE141: =IF($AE161<$AD$135,$AE161,0) | AQ141: 2 | AR141: =IF($AE161<$AQ$135,$AE161,0) | AU141: 2 | AV141: =IF($AV161<$AU$135,$AV161,0) | BG141: 2 | BH141: =IF($AV161<$BG$135,$AV161,0) | BL141: 2 | BM141: =IF(BM183<$BL$135,BM183,0) | BX141: 2 | BY141: =IF(BM183<$BX$135,BM183,0) | CC141: 2 | CD141: =IF(CP141<$CC$135,CP141,0) | CO141: 2 | CP141: =CO141/38*$CO$135/1.75
AD142: 3 | AE142: =IF(AE162<$AD$135,AE162,0) | AQ142: 3 | AR142: =IF($AE162<$AQ$135,$AE162,0) | AU142: 3 | AV142: =IF($AV162<$AU$135,$AV162,0) | BG142: 3 | BH142: =IF($AV162<$BG$135,$AV162,0) | BL142: 3 | BM142: =IF(BM184<$BL$135,BM184,0) | BX142: 3 | BY142: =IF(BM184<$BX$135,BM184,0) | CC142: 3 | CD142: =IF(CP142<$CC$135,CP142,0) | CO142: 3 | CP142: =CO142/38*$CO$135/1.31
AD143: 4 | AE143: =IF(AE163<$AD$135,AE163,0) | AQ143: 4 | AR143: =IF($AE163<$AQ$135,$AE163,0) | AU143: 4 | AV143: =IF($AV163<$AU$135,$AV163,0) | BG143: 4 | BH143: =IF($AV163<$BG$135,$AV163,0) | BL143: 4 | BM143: =IF(BM185<$BL$135,BM185,0) | BX143: 4 | BY143: =IF(BM185<$BX$135,BM185,0) | CC143: 4 | CD143: =IF(CP143<$CC$135,CP143,0) | CO143: 4 | CP143: =CO143/38*$CO$135/1.17
AD144: 5 | AE144: =IF(AE164<$AD$135,AE164,0) | AQ144: 5 | AR144: =IF($AE164<$AQ$135,$AE164,0) | AU144: 5 | AV144: =IF($AV164<$AU$135,$AV164,0) | BG144: 5 | BH144: =IF($AV164<$BG$135,$AV164,0) | BL144: 5 | BM144: =IF(BM186<$BL$135,BM186,0) | BX144: 5 | BY144: =IF(BM186<$BX$135,BM186,0) | CC144: 5 | CD144: =IF(CP144<$CC$135,CP144,0) | CO144: 5 | CP144: =CO144/38*$CO$135/1.1
AD145: 6 | AE145: =IF(AE165<$AD$135,AE165,0) | AQ145: 6 | AR145: =IF($AE165<$AQ$135,$AE165,0) | AU145: 6 | AV145: =IF($AV165<$AU$135,$AV165,0) | BG145: 6 | BH145: =IF($AV165<$BG$135,$AV165,0) | BL145: 6 | BM145: =IF(BM187<$BL$135,BM187,0) | BX145: 6 | BY145: =IF(BM187<$BX$135,BM187,0) | CC145: 6 | CD145: =IF(CP145<$CC$135,CP145,0) | CO145: 6 | CP145: =CO145/38*$CO$135/1.05
AD146: 7 | AE146: =IF(AE166<$AD$135,AE166,0) | AQ146: 7 | AR146: =IF($AE166<$AQ$135,$AE166,0) | AU146: 7 | AV146: =IF($AV166<$AU$135,$AV166,0) | BG146: 7 | BH146: =IF($AV166<$BG$135,$AV166,0) | BL146: 7 | BM146: =IF(BM188<$BL$135,BM188,0) | BX146: 7 | BY146: =IF(BM188<$BX$135,BM188,0) | CC146: 7 | CD146: =IF(CP146<$CC$135,CP146,0) | CO146: 7 | CP146: =CO146/38*$CO$135
AD147: 8 | AE147: =IF(AE167<$AD$135,AE167,0) | AQ147: 8 | AR147: =IF($AE167<$AQ$135,$AE167,0) | AU147: 8 | AV147: =IF($AV167<$AU$135,$AV167,0) | BG147: 8 | BH147: =IF($AV167<$BG$135,$AV167,0) | BL147: 8 | BM147: =IF(BM189<$BL$135,BM189,0) | BX147: 8 | BY147: =IF(BM189<$BX$135,BM189,0) | CC147: 8 | CD147: =IF(CP147<$CC$135,CP147,0) | CO147: 8 | CP147: =CO147/38*$CO$135
AD148: 9 | AE148: =IF(AE168<$AD$135,AE168,0) | AQ148: 9 | AR148: =IF($AE168<$AQ$135,$AE168,0) | AU148: 9 | AV148: =IF($AV168<$AU$135,$AV168,0) | BG148: 9 | BH148: =IF($AV168<$BG$135,$AV168,0) | BL148: 9 | BM148: =IF(BM190<$BL$135,BM190,0) | BX148: 9 | BY148: =IF(BM190<$BX$135,BM190,0) | CC148: 9 | CD148: =IF(CP148<$CC$135,CP148,0) | CO148: 9 | CP148: =CO148/38*$CO$135
AD149: 10 | AE149: =IF(AE169<$AD$135,AE169,0) | AQ149: 10 | AR149: =IF($AE169<$AQ$135,$AE169,0) | AU149: 10 | AV149: =IF($AV169<$AU$135,$AV169,0) | BG149: 10 | BH149: =IF($AV169<$BG$135,$AV169,0) | BL149: 10 | BM149: =IF(BM191<$BL$135,BM191,0) | BX149: 10 | BY149: =IF(BM191<$BX$135,BM191,0) | CC149: 10 | CD149: =IF(CP149<$CC$135,CP149,0) | CO149: 10 | CP149: =CO149/38*$CO$135
AD150: 11 | AE150: =IF(AE170<$AD$135,AE170,0) | AQ150: 11 | AR150: =IF($AE170<$AQ$135,$AE170,0) | AU150: 11 | AV150: =IF($AV170<$AU$135,$AV170,0) | BG150: 11 | BH150: =IF($AV170<$BG$135,$AV170,0) | BL150: 11 | BM150: =IF(BM192<$BL$135,BM192,0) | BX150: 11 | BY150: =IF(BM192<$BX$135,BM192,0) | CC150: 11 | CD150: =IF(CP150<$CC$135,CP150,0) | CO150: 11 | CP150: =CO150/38*$CO$135
AQ151: 12 | AR151: =IF($AE171<$AQ$135,$AE171,0) | AU151: 12 | AV151: =IF($AV171<$AU$135,$AV171,0) | BG151: 12 | BH151: =IF($AV171<$BG$135,$AV171,0) | BL151: 12 | BM151: =IF(BM193<$BL$135,BM193,0) | BX151: 12 | BY151: =IF(BM193<$BX$135,BM193,0) | CC151: 12 | CD151: =IF(CP151<$CC$135,CP151,0) | CO151: 12 | CP151: =CO151/38*$CO$135
AQ152: 13 | AR152: =IF($AE172<$AQ$135,$AE172,0) | AU152: 13 | AV152: =IF($AV172<$AU$135,$AV172,0) | BG152: 13 | BH152: =IF($AV172<$BG$135,$AV172,0) | BL152: 13 | BM152: =IF(BM194<$BL$135,BM194,0) | BX152: 13 | BY152: =IF(BM194<$BX$135,BM194,0) | CC152: 13 | CD152: =IF(CP152<$CC$135,CP152,0) | CO152: 13 | CP152: =CO152/38*$CO$135
AQ153: 14 | AR153: =IF($AE173<$AQ$135,$AE173,0) | BG153: 14 | BH153: =IF($AV173<$BG$135,$AV173,0) | BL153: 14 | BM153: =IF(BM195<$BL$135,BM195,0) | BX153: 14 | BY153: =IF(BM195<$BX$135,BM195,0) | CC153: 14 | CD153: =IF(CP153<$CC$135,CP153,0) | CO153: 14 | CP153: =CO153/38*$CO$135
AD154: =AD123 | AE154: =AE123 | AQ154: 15 | AR154: =IF($AE174<$AQ$135,$AE174,0) | AU154: =AU123 | AV154: =AV123 | BG154: 15 | BH154: =IF($AV174<$BG$135,$AV174,0) | BL154: 15 | BM154: =IF(BM196<$BL$135,BM196,0) | BX154: 15 | BY154: =IF(BM196<$BX$135,BM196,0) | CC154: 15 | CD154: =IF(CP154<$CC$135,CP154,0) | CO154: 15 | CP154: =CO154/38*$CO$135
AD155: =AD124 | AE155: =AE124 | AQ155: 16 | AR155: =IF($AE175<$AQ$135,$AE175,0) | AU155: =AU124 | AV155: =AV124 | BG155: 16 | BH155: =IF($AV175<$BG$135,$AV175,0) | BL155: 16 | BM155: =IF(BM197<$BL$135,BM197,0) | BX155: 16 | BY155: =IF(BM197<$BX$135,BM197,0) | CC155: 16 | CD155: =IF(CP155<$CC$135,CP155,0) | CO155: 16 | CP155: =CO155/38*$CO$135
AD156: =AD125 | AE156: =AE125 | AQ156: 17 | AR156: =IF($AE176<$AQ$135,$AE176,0) | AU156: =AU125 | AV156: =AV125 | BG156: 17 | BH156: =IF($AV176<$BG$135,$AV176,0) | BL156: 17 | BM156: =IF(BM198<$BL$135,BM198,0) | BX156: 17 | BY156: =IF(BM198<$BX$135,BM198,0) | CC156: 17 | CD156: =IF(CP156<$CC$135,CP156,0) | CO156: 17 | CP156: =CO156/38*$CO$135
AD157: =IF(AD126="Surface",0,AD126) | AE157: =AE126 | AQ157: 18 | AR157: =IF($AE177<$AQ$135,$AE177,0) | AU157: =IF(AU126="TOL",$BI$115,AU126) | AV157: =AV126 | BG157: 18 | BH157: =IF($AV177<$BG$135,$AV177,0) | BL157: 18 | BM157: =IF(BM199<$BL$135,BM199,0) | BX157: 18 | BY157: =IF(BM199<$BX$135,BM199,0) | CC157: 18 | CD157: =IF(CP157<$CC$135,CP157,0) | CO157: 18 | CP157: =CO157/38*$CO$135
AD158: =AD127 | AE158: =AE127 | AQ158: 19 | AR158: =IF($AE178<$AQ$135,$AE178,0) | AU158: =AU127 | AV158: =AV127 | BG158: 19 | BH158: =IF($AV178<$BG$135,$AV178,0) | BL158: 19 | BM158: =IF(BM200<$BL$135,BM200,0) | BX158: 19 | BY158: =IF(BM200<$BX$135,BM200,0) | CC158: 19 | CD158: =IF(CP158<$CC$135,CP158,0) | CO158: 19 | CP158: =CO158/38*$CO$135
AQ159: 20 | AR159: =IF($AE179<$AQ$135,$AE179,0) | BG159: 20 | BH159: =IF($AV179<$BG$135,$AV179,0) | BL159: 20 | BM159: =IF(BM201<$BL$135,BM201,0) | BX159: 20 | BY159: =IF(BM201<$BX$135,BM201,0) | CC159: 20 | CD159: =IF(CP159<$CC$135,CP159,0) | CO159: 20 | CP159: =CO159/38*$CO$135
AD160: 1 | AE160: 0 | AQ160: 21 | AR160: =IF($AE180<$AQ$135,$AE180,0) | AU160: 1 | AV160: 0 | BG160: 21 | BH160: =IF($AV180<$BG$135,$AV180,0) | BL160: 21 | BM160: =IF(BM202<$BL$135,BM202,0) | BX160: 21 | BY160: =IF(BM202<$BX$135,BM202,0) | CC160: 21 | CD160: =IF(CP160<$CC$135,CP160,0) | CO160: 21 | CP160: =CO160/38*$CO$135
AD161: 2 | AE161: =AD161/38*$AD$155/1.75 | AQ161: 22 | AR161: =IF($AE181<$AQ$135,$AE181,0) | AU161: 2 | AV161: =AU161/38*$AU$155/1.75 | BG161: 22 | BH161: =IF($AV181<$BG$135,$AV181,0) | BL161: 22 | BM161: =IF(BM203<$BL$135,BM203,0) | BX161: 22 | BY161: =IF(BM203<$BX$135,BM203,0) | CC161: 22 | CD161: =IF(CP161<$CC$135,CP161,0) | CO161: 22 | CP161: =CO161/38*$CO$135
AD162: 3 | AE162: =AD162/38*$AD$155/1.31 | AQ162: 23 | AR162: =IF($AE182<$AQ$135,$AE182,0) | AU162: 3 | AV162: =AU162/38*$AU$155/1.31 | BG162: 23 | BH162: =IF($AV182<$BG$135,$AV182,0) | BL162: 23 | BM162: =IF(BM204<$BL$135,BM204,0) | BX162: 23 | BY162: =IF(BM204<$BX$135,BM204,0) | CC162: 23 | CD162: =IF(CP162<$CC$135,CP162,0) | CO162: 23 | CP162: =CO162/38*$CO$135
AD163: 4 | AE163: =AD163/38*$AD$155/1.17 | AQ163: 24 | AR163: =IF($AE183<$AQ$135,$AE183,0) | AU163: 4 | AV163: =AU163/38*$AU$155/1.17 | BG163: 24 | BH163: =IF($AV183<$BG$135,$AV183,0) | BL163: 24 | BM163: =IF(BM205<$BL$135,BM205,0) | BX163: 24 | BY163: =IF(BM205<$BX$135,BM205,0) | CC163: 24 | CD163: =IF(CP163<$CC$135,CP163,0) | CO163: 24 | CP163: =CO163/38*$CO$135
AD164: 5 | AE164: =AD164/38*$AD$155/1.1 | AQ164: 25 | AR164: =IF($AE184<$AQ$135,$AE184,0) | AU164: 5 | AV164: =AU164/38*$AU$155/1.1 | BG164: 25 | BH164: =IF($AV184<$BG$135,$AV184,0) | BL164: 25 | BM164: =IF(BM206<$BL$135,BM206,0) | BX164: 25 | BY164: =IF(BM206<$BX$135,BM206,0) | CC164: 25 | CD164: =IF(CP164<$CC$135,CP164,0) | CO164: 25 | CP164: =CO164/38*$CO$135
AD165: 6 | AE165: =AD165/38*$AD$155/1.05 | AQ165: 26 | AR165: =IF($AE185<$AQ$135,$AE185,0) | AU165: 6 | AV165: =AU165/38*$AU$155/1.05 | BG165: 26 | BH165: =IF($AV185<$BG$135,$AV185,0) | BL165: 26 | BM165: =IF(BM207<$BL$135,BM207,0) | BX165: 26 | BY165: =IF(BM207<$BX$135,BM207,0) | CC165: 26 | CD165: =IF(CP165<$CC$135,CP165,0) | CO165: 26 | CP165: =CO165/38*$CO$135
AD166: 7 | AE166: =AD166/38*$AD$155 | AU166: 7 | AV166: =AU166/38*$AU$155 | BG166: 27 | BH166: =IF($AV186<$BG$135,$AV186,0) | BL166: 27 | BM166: =IF(BM208<$BL$135,BM208,0) | BX166: 27 | BY166: =IF(BM208<$BX$135,BM208,0) | CO166: 27 | CP166: =CO166/38*$CO$135
AD167: 8 | AE167: =AD167/38*$AD$155 | AU167: 8 | AV167: =AU167/38*$AU$155 | BG167: 28 | BH167: =IF($AV187<$BG$135,$AV187,0) | BL167: 28 | BM167: =IF(BM209<$BL$135,BM209,0) | BX167: 28 | BY167: =IF(BM209<$BX$135,BM209,0) | CO167: 28 | CP167: =CO167/38*$CO$135
AD168: 9 | AE168: =AD168/38*$AD$155 | AU168: 9 | AV168: =AU168/38*$AU$155 | BG168: 29 | BH168: =IF($AV188<$BG$135,$AV188,0) | BL168: 29 | BM168: =IF(BM210<$BL$135,BM210,0) | BX168: 29 | BY168: =IF(BM210<$BX$135,BM210,0) | CO168: 29 | CP168: =CO168/38*$CO$135
AD169: 10 | AE169: =AD169/38*$AD$155 | AU169: 10 | AV169: =AU169/38*$AU$155 | BG169: 30 | BH169: =IF($AV189<$BG$135,$AV189,0) | BL169: 30 | BM169: =IF(BM211<$BL$135,BM211,0) | BX169: 30 | BY169: =IF(BM211<$BX$135,BM211,0) | CO169: 30 | CP169: =CO169/38*$CO$135
AD170: 11 | AE170: =AD170/38*$AD$155 | AU170: 11 | AV170: =AU170/38*$AU$155 | BG170: 31 | BH170: =IF($AV190<$BG$135,$AV190,0) | BL170: 31 | BM170: =IF(BM212<$BL$135,BM212,0) | BX170: 31 | BY170: =IF(BM212<$BX$135,BM212,0) | CO170: 31 | CP170: =CO170/38*$CO$135
AD171: 12 | AE171: =AD171/38*$AD$155 | AU171: 12 | AV171: =AU171/38*$AU$155 | BG171: 32 | BH171: =IF($AV191<$BG$135,$AV191,0) | BL171: 32 | BM171: =IF(BM213<$BL$135,BM213,0) | BX171: 32 | BY171: =IF(BM213<$BX$135,BM213,0) | CO171: 32 | CP171: =CO171/38*$CO$135
AD172: 13 | AE172: =AD172/38*$AD$155 | AU172: 13 | AV172: =AU172/38*$AU$155 | BG172: 33 | BH172: =IF($AV192<$BG$135,$AV192,0) | BL172: 33 | BM172: =IF(BM214<$BL$135,BM214,0) | BX172: 33 | BY172: =IF(BM214<$BX$135,BM214,0) | CO172: 33 | CP172: =CO172/38*$CO$135
AD173: 14 | AE173: =AD173/38*$AD$155 | AU173: 14 | AV173: =AU173/38*$AU$155 | BG173: 34 | BH173: =IF($AV193<$BG$135,$AV193,0) | BL173: 34 | BM173: =IF(BM215<$BL$135,BM215,0) | BX173: 34 | BY173: =IF(BM215<$BX$135,BM215,0) | CO173: 34 | CP173: =CO173/38*$CO$135
AD174: 15 | AE174: =AD174/38*$AD$155 | AU174: 15 | AV174: =AU174/38*$AU$155 | BG174: 35 | BH174: =IF($AV194<$BG$135,$AV194,0) | BL174: 35 | BM174: =IF(BM216<$BL$135,BM216,0) | BX174: 35 | BY174: =IF(BM216<$BX$135,BM216,0) | CO174: 35 | CP174: =CO174/38*$CO$135
AD175: 16 | AE175: =AD175/38*$AD$155 | AU175: 16 | AV175: =AU175/38*$AU$155 | BG175: 36 | BH175: =IF($AV195<$BG$135,$AV195,0) | BX175: 36 | BY175: =IF(BM217<$BX$135,BM217,0) | CO175: 36 | CP175: =CO175/38*$CO$135
AD176: 17 | AE176: =AD176/38*$AD$155 | AU176: 17 | AV176: =AU176/38*$AU$155 | BG176: 37 | BH176: =IF($AV196<$BG$135,$AV196,0) | BL176: =BL123 | BM176: =BM123 | BX176: 37 | BY176: =IF(BM218<$BX$135,BM218,0) | CO176: 37 | CP176: =CO176/38*$CO$135
AD177: 18 | AE177: =AD177/38*$AD$155 | AU177: 18 | AV177: =AU177/38*$AU$155 | BG177: 38 | BH177: =IF($AV197<$BG$135,$AV197,0) | BL177: =BL124 | BM177: =BM124 | BX177: 38 | BY177: =IF(BM219<$BX$135,BM219,0) | CO177: 38 | CP177: =CO177/38*$CO$135
AD178: 19 | AE178: =AD178/38*$AD$155 | AU178: 19 | AV178: =AU178/38*$AU$155 | BL178: =BL125 | BM178: =BM125
AD179: 20 | AE179: =AD179/38*$AD$155 | AU179: 20 | AV179: =AU179/38*$AU$155 | BL179: =IF(BL126="TOL",$BZ$115,BL126) | BM179: =BM126
AD180: 21 | AE180: =AD180/38*$AD$155 | AU180: 21 | AV180: =AU180/38*$AU$155 | BL180: =BL127 | BM180: =BM127 | BX180: =BL91 | BY180: =BM91
AD181: 22 | AE181: =AD181/38*$AD$155 | AU181: 22 | AV181: =AU181/38*$AU$155 | BX181: =BL92 | BY181: =BM92
AD182: 23 | AE182: =AD182/38*$AD$155 | AU182: 23 | AV182: =AU182/38*$AU$155 | BL182: 1 | BM182: 0 | BX182: =BL93 | BY182: =BM93
AD183: 24 | AE183: =AD183/38*$AD$155 | AU183: 24 | AV183: =AU183/38*$AU$155 | BL183: 2 | BM183: =BL183/38*$BL$177/1.75 | BX183: =IF(BL94="surface",0,BL94) | BY183: =BM94
AD184: 25 | AE184: =AD184/38*$AD$155 | AU184: 25 | AV184: =AU184/38*$AU$155 | BL184: 3 | BM184: =BL184/38*$BL$177/1.31 | BX184: =BL95 | BY184: =BM95
AD185: 26 | AE185: =AD185/38*$AD$155 | AU185: 26 | AV185: =AU185/38*$AU$155 | BL185: 4 | BM185: =BL185/38*$BL$177/1.17
AD186: 27 | AE186: =AD186/38*$AD$155 | AU186: 27 | AV186: =AU186/38*$AU$155 | BL186: 5 | BM186: =BL186/38*$BL$177/1.1 | BX186: 1 | BY186: 0
AD187: 28 | AE187: =AD187/38*$AD$155 | AU187: 28 | AV187: =AU187/38*$AU$155 | BL187: 6 | BM187: =BL187/38*$BL$177/1.05 | BX187: 2 | BY187: =IF(BM183<$BX$181,BM183,0)
AD188: 29 | AE188: =AD188/38*$AD$155 | AU188: 29 | AV188: =AU188/38*$AU$155 | BL188: 7 | BM188: =BL188/38*$BL$177 | BX188: 3 | BY188: =IF(BM184<$BX$181,BM184,0)
AD189: 30 | AE189: =AD189/38*$AD$155 | AU189: 30 | AV189: =AU189/38*$AU$155 | BL189: 8 | BM189: =BL189/38*$BL$177 | BX189: 4 | BY189: =IF(BM185<$BX$181,BM185,0)
...

Sheet DataPrint
A2: ='Casing Review'!$B$4 | P2: ='Casing Review'!$B$4 | AE2: ='Casing Review'!$B$4 | AT2: ='Casing Review'!$B$4
A3: ='Casing Review'!$B$5 | P3: ='Casing Review'!$B$5 | AE3: ='Casing Review'!$B$5 | AT3: ='Casing Review'!$B$5
A4: ='Casing Review'!$B$6 | P4: ='Casing Review'!$B$6 | AE4: ='Casing Review'!$B$6 | AT4: ='Casing Review'!$B$6
F5: ='Casing Review'!$K$2 | I5: ='Casing Review'!$K$3 | K5: ='Casing Review'!$K$5 | U5: ='Casing Review'!$K$2 | X5: ='Casing Review'!$K$3 | Z5: ='Casing Review'!$K$5 | AJ5: ='Casing Review'!$K$2 | AM5: ='Casing Review'!$K$3 | AO5: ='Casing Review'!$K$5 | AY5: ='Casing Review'!$K$2 | BB5: ='Casing Review'!$K$3 | BD5: ='Casing Review'!$K$5
C6: MASP | D6: Collapse Strength (psi) | E6: Collapse Load (psi) | F6: Collapse DF | G6: Burst Strength (psi) | H6: Burst Load (psi) | I6: Burst DF | J6: Tension Strength (kips) | K6: Tension DF | L6: Neutral Point (ft) | M6: Tension Air (kips) | N6: Tension Buoyed (kips) | R6: MASP | S6: Collapse Strength (psi) | T6: Collapse Load (psi) | U6: Collapse DF | V6: Burst Strength (psi) | W6: Burst Load (psi) | X6: Burst DF | Y6: Tension Strength (kips) | Z6: Tension DF | AA6: Neutral Point (ft) | AB6: Tension Air (kips) | AC6: Tension Buoyed (kips) | AG6: MASP | AH6: Collapse Strength (psi) | AI6: Collapse Load (psi) | AJ6: Collapse DF | AK6: Burst Strength (psi) | AL6: Burst Load (psi) | AM6: Burst DF | AN6: Tension Strength (kips) | AO6: Tension DF | AP6: Neutral Point (ft) | AQ6: Tension Air (kips) | AR6: Tension Buoyed (kips) | AV6: MASP | AW6: Collapse Strength (psi) | AX6: Collapse Load (psi) | AY6: Collapse DF | AZ6: Burst Strength (psi) | BA6: Burst Load (psi) | BB6: Burst DF | BC6: Tension Strength (kips) | BD6: Tension DF | BE6: Neutral Point (ft) | BF6: Tension Air (kips) | BG6: Tension Buoyed (kips)
A7: ='Vertical WBD'!AD91 | B7: " Casing | C7: =IF('Casing Review'!$C$12>0,'Casing Review'!S12, " ") | D7: =IF('Casing Review'!$C$12>0,'Casing Review'!T12, " ") | E7: =IF('Casing Review'!$C$12>0,'Casing Review'!U12, " ") | F7: =IF('Casing Review'!$C$12>0,'Casing Review'!V12, " ") | G7: =IF('Casing Review'!$C$12>0,'Casing Review'!W12, " ") | H7: =IF('Casing Review'!$C$12>0,'Casing Review'!X12, " ") | I7: =IF('Casing Review'!$C$12>0,'Casing Review'!Y12, " ") | J7: =IF('Casing Review'!$C$12>0,'Casing Review'!Z12, " ") | ... N7: =IF('Casing Review'!$C$12>0,'Casing Review'!AD12, " ") | P7: ='Vertical WBD'!AU91 | Q7: " Casing | R7: =IF('Casing Review'!$C$12>0,'Casing Review'!S12, " ") | S7: =IF('Casing Review'!$C$12>0,'Casing Review'!T12, " ") | T7: =IF('Casing Review'!$C$12>0,'Casing Review'!U12, " ") | U7: =IF('Casing Review'!$C$12>0,'Casing Review'!V12, " ") | V7: =IF('Casing Review'!$C$12>0,'Casing Review'!W12, " ") | W7: =IF('Casing Review'!$C$12>0,'Casing Review'!X12, " ") | X7: =IF('Casing Review'!$C$12>0,'Casing Review'!Y12, " ") | Y7: =IF('Casing Review'!$C$12>0,'Casing Review'!Z12, " ") | ... AC7: =IF('Casing Review'!$C$12>0,'Casing Review'!AD12, " ") | AE7: ='Vertical WBD'!BL91 | AF7: " Casing | AG7: =IF('Casing Review'!$C$12>0,'Casing Review'!S12, " ") | AH7: =IF('Casing Review'!$C$12>0,'Casing Review'!T12, " ") | AI7: =IF('Casing Review'!$C$12>0,'Casing Review'!U12, " ") | AJ7: =IF('Casing Review'!$C$12>0,'Casing Review'!V$12, " ") | AK7: =IF('Casing Review'!$C$12>0,'Casing Review'!W$12, " ") | AL7: =IF('Casing Review'!$C$12>0,'Casing Review'!X$12, " ") | AM7: =IF('Casing Review'!$C$12>0,'Casing Review'!Y$12, " ") | AN7: =IF('Casing Review'!$C$12>0,'Casing Review'!Z$12, " ") | AO7: =IF('Casing Review'!$C$12>0,'Casing Review'!AA$12, " ") | AP7: =IF('Casing Review'!$C$12>0,'Casing Review'!AB$12, " ") | AQ7: =IF('Casing Review'!$C$12>0,'Casing Review'!AC$12, " ") | AR7: =IF('Casing Review'!$C$12>0,'Casing Review'!AD$12, " ") | AT7: ='Vertical WBD'!CC98 | AU7: " Casing | AV7: =IF('Casing Review'!$C$12>0,'Casing Review'!S12, " ") | AW7: =IF('Casing Review'!$C$12>0,'Casing Review'!T12, " ") | AX7: =IF('Casing Review'!$C$12>0,'Casing Review'!U12, " ") | AY7: =IF('Casing Review'!$C$12>0,'Casing Review'!V12, " ") | AZ7: =IF('Casing Review'!$C$12>0,'Casing Review'!W12, " ") | BA7: =IF('Casing Review'!$C$12>0,'Casing Review'!X12, " ") | BB7: =IF('Casing Review'!$C$12>0,'Casing Review'!Y12, " ") | BC7: =IF('Casing Review'!$C$12>0,'Casing Review'!Z12, " ") | ... BG7: =IF('Casing Review'!$C$12>0,'Casing Review'!AD12, " ")
D8: =IF('Casing Review'!$C$14>0,'Casing Review'!T14, " ") | E8: =IF('Casing Review'!$C$14>0,'Casing Review'!U14, " ") | F8: =IF('Casing Review'!$C$14>0,'Casing Review'!V14, " ") | G8: =IF('Casing Review'!$C$14>0,'Casing Review'!W14, " ") | H8: =IF('Casing Review'!$C$14>0,'Casing Review'!X14, " ") | I8: =IF('Casing Review'!$C$14>0,'Casing Review'!Y14, " ") | J8: =IF('Casing Review'!$C$14>0,'Casing Review'!Z14, " ") | K8: =IF('Casing Review'!$C$14>0,'Casing Review'!AA14, " ") | ... N8: =IF('Casing Review'!$C$14>0,'Casing Review'!AD14, " ") | S8: =IF('Casing Review'!$C$14>0,'Casing Review'!AJ14, " ") | T8: =IF('Casing Review'!$C$14>0,'Casing Review'!AK14, " ") | U8: =IF('Casing Review'!$C$14>0,'Casing Review'!AL14, " ") | V8: =IF('Casing Review'!$C$14>0,'Casing Review'!AM14, " ") | W8: =IF('Casing Review'!$C$14>0,'Casing Review'!AN14, " ") | X8: =IF('Casing Review'!$C$14>0,'Casing Review'!AO14, " ") | Y8: =IF('Casing Review'!$C$14>0,'Casing Review'!AP14, " ") | Z8: =IF('Casing Review'!$C$14>0,'Casing Review'!AQ14, " ") | ... AC8: =IF('Casing Review'!$C$14>0,'Casing Review'!AT14, " ") | AH8: =IF('Casing Review'!$C$14>0,'Casing Review'!T14, " ") | AI8: =IF('Casing Review'!$C$14>0,'Casing Review'!U14, " ") | AJ8: =IF('Casing Review'!$C$14>0,'Casing Review'!V14, " ") | AK8: =IF('Casing Review'!$C$14>0,'Casing Review'!W14, " ") | AL8: =IF('Casing Review'!$C$14>0,'Casing Review'!X14, " ") | AM8: =IF('Casing Review'!$C$14>0,'Casing Review'!Y14, " ") | AN8: =IF('Casing Review'!$C$14>0,'Casing Review'!Z14, " ") | AO8: =IF('Casing Review'!$C$14>0,'Casing Review'!AA14, " ") | ... AR8: =IF('Casing Review'!$C$14>0,'Casing Review'!AD14, " ") | AW8: =IF('Casing Review'!$C$14>0,'Casing Review'!T14, " ") | AX8: =IF('Casing Review'!$C$14>0,'Casing Review'!U14, " ") | AY8: =IF('Casing Review'!$C$14>0,'Casing Review'!V14, " ") | AZ8: =IF('Casing Review'!$C$14>0,'Casing Review'!W14, " ") | BA8: =IF('Casing Review'!$C$14>0,'Casing Review'!X14, " ") | BB8: =IF('Casing Review'!$C$14>0,'Casing Review'!Y14, " ") | BC8: =IF('Casing Review'!$C$14>0,'Casing Review'!Z14, " ") | BD8: =IF('Casing Review'!$C$14>0,'Casing Review'!AA14, " ") | ... BG8: =IF('Casing Review'!$C$14>0,'Casing Review'!AD14, " ")
D9: =IF('Casing Review'!$C$16>0,'Casing Review'!T16, " ") | E9: =IF('Casing Review'!$C$16>0,'Casing Review'!U16, " ") | F9: =IF('Casing Review'!$C$16>0,'Casing Review'!V16, " ") | G9: =IF('Casing Review'!$C$16>0,'Casing Review'!W16, " ") | H9: =IF('Casing Review'!$C$16>0,'Casing Review'!X16, " ") | I9: =IF('Casing Review'!$C$16>0,'Casing Review'!Y16, " ") | J9: =IF('Casing Review'!$C$16>0,'Casing Review'!Z16, " ") | K9: =IF('Casing Review'!$C$16>0,'Casing Review'!AA16, " ") | ... N9: =IF('Casing Review'!$C$16>0,'Casing Review'!AD16, " ") | S9: =IF('Casing Review'!$C$16>0,'Casing Review'!AJ16, " ") | T9: =IF('Casing Review'!$C$16>0,'Casing Review'!AK16, " ") | U9: =IF('Casing Review'!$C$16>0,'Casing Review'!AL16, " ") | V9: =IF('Casing Review'!$C$16>0,'Casing Review'!AM16, " ") | W9: =IF('Casing Review'!$C$16>0,'Casing Review'!AN16, " ") | X9: =IF('Casing Review'!$C$16>0,'Casing Review'!AO16, " ") | Y9: =IF('Casing Review'!$C$16>0,'Casing Review'!AP16, " ") | Z9: =IF('Casing Review'!$C$16>0,'Casing Review'!AQ16, " ") | ... AC9: =IF('Casing Review'!$C$16>0,'Casing Review'!AT16, " ") | AH9: =IF('Casing Review'!$C$16>0,'Casing Review'!T16, " ") | AI9: =IF('Casing Review'!$C$16>0,'Casing Review'!U16, " ") | AJ9: =IF('Casing Review'!$C$16>0,'Casing Review'!V16, " ") | AK9: =IF('Casing Review'!$C$16>0,'Casing Review'!W16, " ") | AL9: =IF('Casing Review'!$C$16>0,'Casing Review'!X16, " ") | AM9: =IF('Casing Review'!$C$16>0,'Casing Review'!Y16, " ") | AN9: =IF('Casing Review'!$C$16>0,'Casing Review'!Z16, " ") | AO9: =IF('Casing Review'!$C$16>0,'Casing Review'!AA16, " ") | ... AR9: =IF('Casing Review'!$C$16>0,'Casing Review'!AD16, " ") | AW9: =IF('Casing Review'!$C$16>0,'Casing Review'!T16, " ") | AX9: =IF('Casing Review'!$C$16>0,'Casing Review'!U16, " ") | AY9: =IF('Casing Review'!$C$16>0,'Casing Review'!V16, " ") | AZ9: =IF('Casing Review'!$C$16>0,'Casing Review'!W16, " ") | BA9: =IF('Casing Review'!$C$16>0,'Casing Review'!X16, " ") | BB9: =IF('Casing Review'!$C$16>0,'Casing Review'!Y16, " ") | BC9: =IF('Casing Review'!$C$16>0,'Casing Review'!Z16, " ") | BD9: =IF('Casing Review'!$C$16>0,'Casing Review'!AA16, " ") | ... BG9: =IF('Casing Review'!$C$16>0,'Casing Review'!AD16, " ")
C10: MW (ppg) | D10: Internal Grad. (psi) | E10: Backup Mud (ppg) | F10: Internal Mud (ppg) | G10: Max Shoe Pressure (psi)* | H10: CSG Wt (lbs/ft) | I10: CSG Grade | J10: CSG Collar | K10: Cement Lead (sx) | L10: Lead Yield | M10: Cement Tail (sx) | N10: Tail Yield | R10: MW (ppg) | S10: Internal Grad. (psi) | T10: Backup Mud (ppg) | U10: Internal Mud (ppg) | V10: Max Shoe Pressure (psi)* | W10: CSG Wt (lbs/ft) | X10: CSG Grade | Y10: CSG Collar | Z10: Cement Lead (sx) | AA10: Lead Yield | AB10: Cement Tail (sx) | AC10: Tail Yield | AG10: MW (ppg) | AH10: Internal Grad. (psi) | AI10: Backup Mud (ppg) | AJ10: Internal Mud (ppg) | AK10: Max Shoe Pressure (psi)* | AL10: CSG Wt (lbs/ft) | AM10: CSG Grade | AN10: CSG Collar | AO10: Cement Lead (sx) | AP10: Lead Yield | AQ10: Cement Tail (sx) | AR10: Tail Yield | AV10: MW (ppg) | AW10: Internal Grad. (psi) | AX10: Backup Mud (ppg) | AY10: Internal Mud (ppg) | AZ10: Max Shoe Pressure (psi)* | BA10: CSG Wt (lbs/ft) | BB10: CSG Grade | BC10: CSG Collar | BD10: Cement Lead (sx) | BE10: Lead Yield | BF10: Cement Tail (sx) | BG10: Tail Yield
C11: =IF(AG11=0,"",AG11) | D11: =IF(AH11=0,"",AH11) | E11: =IF(AI11=0,"",AI11) | F11: =IF(AJ11=0,"",AJ11) | G11: =IF(AK11=0,"",AK11) | H11: =IF(AL11=0,"",AL11) | I11: =IF(AM11=0,"",AM11) | J11: =IF(AN11=0,"",AN11) | ... N11: =IF(AR11=0,"",AR11) | R11: =IF(AG11=0,"",AG11) | S11: =IF(AH11=0,"",AH11) | T11: =IF(AI11=0,"",AI11) | U11: =IF(AJ11=0,"",AJ11) | V11: =IF(AK11=0,"",AK11) | W11: =IF(AL11=0,"",AL11) | X11: =IF(AM11=0,"",AM11) | Y11: =IF(AN11=0,"",AN11) | ... AC11: =IF(AR11=0,"",AR11) | AG11: =IF('Casing Review'!$C$12>0,'Casing Review'!$B$18, " ") | AH11: =IF('Casing Review'!$C$12>0,'Casing Review'!$B$21, " ") | AI11: =IF('Casing Review'!$C$12>0,'Casing Review'!$B$22, " ") | AJ11: =IF('Casing Review'!$C$12>0,'Casing Review'!$B$23, " ") | AK11: =IF('Casing Review'!$C$12>0,'Casing Review'!$L$24, " ") | AL11: =IF('Casing Review'!$C$12>0,'Casing Review'!E$12, " ") | AM11: =IF('Casing Review'!$C$12>0,'Casing Review'!F$12, " ") | AN11: =IF('Casing Review'!$C$12>0,'Casing Review'!G$12, " ") | AO11: =IF('Casing Review'!$C$12>0,'Casing Review'!H$12, " ") | AP11: =IF('Casing Review'!$C$12>0,'Casing Review'!I$12, " ") | AQ11: =IF('Casing Review'!$C$12>0,'Casing Review'!J$12, " ") | AR11: =IF('Casing Review'!$C$12>0,'Casing Review'!K$12, " ") | AV11: =IF(AG11=0,"",AG11) | AW11: =IF(AH11=0,"",AH11) | AX11: =IF(AI11=0,"",AI11) | AY11: =IF(AJ11=0,"",AJ11) | AZ11: =IF(AK11=0,"",AK11) | BA11: =IF(AL11=0,"",AL11) | BB11: =IF(AM11=0,"",AM11) | BC11: =IF(AN11=0,"",AN11) | ... BG11: =IF(AR11=0,"",AR11)
C12: =IF(AG12=0,"",AG12) | D12: =IF(AH12=0,"",AH12) | E12: =IF(AI12=0,"",AI12) | F12: =IF(AJ12=0,"",AJ12) | G12: =IF(AK12=0,"",AK12) | H12: =IF(AL12=0,"",AL12) | I12: =IF(AM12=0,"",AM12) | J12: =IF(AN12=0,"",AN12) | ... N12: =IF(AR12=0,"",AR12) | R12: =IF(AG12=0,"",AG12) | S12: =IF(AH12=0,"",AH12) | T12: =IF(AI12=0,"",AI12) | U12: =IF(AJ12=0,"",AJ12) | V12: =IF(AK12=0,"",AK12) | W12: =IF(AL12=0,"",AL12) | X12: =IF(AM12=0,"",AM12) | Y12: =IF(AN12=0,"",AN12) | ... AC12: =IF(AR12=0,"",AR12) | AL12: =IF('Casing Review'!$C$14>0,'Casing Review'!E$14, " ") | AM12: =IF('Casing Review'!$C$14>0,'Casing Review'!F$14, " ") | AN12: =IF('Casing Review'!$C$14>0,'Casing Review'!G$14, " ") | AO12: =IF('Casing Review'!$C$14>0,'Casing Review'!H$14, " ") | AP12: =IF('Casing Review'!$C$14>0,'Casing Review'!I$14, " ") | AQ12: =IF('Casing Review'!$C$14>0,'Casing Review'!J$14, " ") | AR12: =IF('Casing Review'!$C$14>0,'Casing Review'!K$14, " ") | AV12: =IF(AG12=0,"",AG12) | AW12: =IF(AH12=0,"",AH12) | AX12: =IF(AI12=0,"",AI12) | AY12: =IF(AJ12=0,"",AJ12) | AZ12: =IF(AK12=0,"",AK12) | BA12: =IF(AL12=0,"",AL12) | BB12: =IF(AM12=0,"",AM12) | BC12: =IF(AN12=0,"",AN12) | ... BG12: =IF(AR12=0,"",AR12)
C13: =IF(AG13=0,"",AG13) | D13: =IF(AH13=0,"",AH13) | E13: =IF(AI13=0,"",AI13) | F13: =IF(AJ13=0,"",AJ13) | G13: =IF(AK13=0,"",AK13) | H13: =IF(AL13=0,"",AL13) | I13: =IF(AM13=0,"",AM13) | J13: =IF(AN13=0,"",AN13) | ... N13: =IF(AR13=0,"",AR13) | R13: =IF(AG13=0,"",AG13) | S13: =IF(AH13=0,"",AH13) | T13: =IF(AI13=0,"",AI13) | U13: =IF(AJ13=0,"",AJ13) | V13: =IF(AK13=0,"",AK13) | W13: =IF(AL13=0,"",AL13) | X13: =IF(AM13=0,"",AM13) | Y13: =IF(AN13=0,"",AN13) | ... AC13: =IF(AR13=0,"",AR13) | AL13: =IF('Casing Review'!$C$16>0,'Casing Review'!E$16, " ") | AM13: =IF('Casing Review'!$C$16>0,'Casing Review'!F$16, " ") | AN13: =IF('Casing Review'!$C$16>0,'Casing Review'!G$16, " ") | AO13: =IF('Casing Review'!$C$16>0,'Casing Review'!H$16, " ") | AP13: =IF('Casing Review'!$C$16>0,'Casing Review'!I$16, " ") | AQ13: =IF('Casing Review'!$C$16>0,'Casing Review'!J$16, " ") | AR13: =IF('Casing Review'!$C$16>0,'Casing Review'!K$16, " ") | AV13: =IF(AG13=0,"",AG13) | AW13: =IF(AH13=0,"",AH13) | AX13: =IF(AI13=0,"",AI13) | AY13: =IF(AJ13=0,"",AJ13) | AZ13: =IF(AK13=0,"",AK13) | BA13: =IF(AL13=0,"",AL13) | BB13: =IF(AM13=0,"",AM13) | BC13: =IF(AN13=0,"",AN13) | ... BG13: =IF(AR13=0,"",AR13)
C14: MASP | D14: Collapse Strength (psi) | E14: Collapse Load (psi) | F14: Collapse DF | G14: Burst Strength (psi) | H14: Burst Load (psi) | I14: Burst DF | J14: Tension Strength (kips) | K14: Tension DF | L14: Neutral Point (ft) | M14: Tension Air (kips) | N14: Tension Buoyed (kips) | R14: MASP | S14: Collapse Strength (psi) | T14: Collapse Load (psi) | U14: Collapse DF | V14: Burst Strength (psi) | W14: Burst Load (psi) | X14: Burst DF | Y14: Tension Strength (kips) | Z14: Tension DF | AA14: Neutral Point (ft) | AB14: Tension Air (kips) | AC14: Tension Buoyed (kips) | AG14: MASP | AH14: Collapse Strength (psi) | AI14: Collapse Load (psi) | AJ14: Collapse DF | AK14: Burst Strength (psi) | AL14: Burst Load (psi) | AM14: Burst DF | AN14: Tension Strength (kips) | AO14: Tension DF | AP14: Neutral Point (ft) | AQ14: Tension Air (kips) | AR14: Tension Buoyed (kips) | AV14: MASP | AW14: Collapse Strength (psi) | AX14: Collapse Load (psi) | AY14: Collapse DF | AZ14: Burst Strength (psi) | BA14: Burst Load (psi) | BB14: Burst DF | BC14: Tension Strength (kips) | BD14: Tension DF | BE14: Neutral Point (ft) | BF14: Tension Air (kips) | BG14: Tension Buoyed (kips)
A15: ='Vertical WBD'!AD102 | B15: " Casing | C15: =IF('Casing Review'!$C$27>0,'Casing Review'!S27, " ") | D15: =IF('Casing Review'!$C$27>0,'Casing Review'!T27, " ") | E15: =IF('Casing Review'!$C$27>0,'Casing Review'!U27, " ") | F15: =IF('Casing Review'!$C$27>0,'Casing Review'!V27, " ") | G15: =IF('Casing Review'!$C$27>0,'Casing Review'!W27, " ") | H15: =IF('Casing Review'!$C$27>0,'Casing Review'!X27, " ") | I15: =IF('Casing Review'!$C$27>0,'Casing Review'!Y27, " ") | J15: =IF('Casing Review'!$C$27>0,'Casing Review'!Z27, " ") | ... N15: =IF('Casing Review'!$C$27>0,'Casing Review'!AD27, " ") | P15: ='Vertical WBD'!AU111 | Q15: " Casing | R15: =IF('Casing Review'!$C$27>0,'Casing Review'!S27, " ") | S15: =IF('Casing Review'!$C$27>0,'Casing Review'!T27, " ") | T15: =IF('Casing Review'!$C$27>0,'Casing Review'!U27, " ") | U15: =IF('Casing Review'!$C$27>0,'Casing Review'!V27, " ") | V15: =IF('Casing Review'!$C$27>0,'Casing Review'!W27, " ") | W15: =IF('Casing Review'!$C$27>0,'Casing Review'!X27, " ") | X15: =IF('Casing Review'!$C$27>0,'Casing Review'!Y27, " ") | Y15: =IF('Casing Review'!$C$27>0,'Casing Review'!Z27, " ") | ... AC15: =IF('Casing Review'!$C$27>0,'Casing Review'!AD27, " ") | AE15: ='Vertical WBD'!BL99 | AF15: " Casing | AG15: =IF('Casing Review'!$C$27>0,'Casing Review'!S27, " ") | AH15: =IF('Casing Review'!$C$27>0,'Casing Review'!T27, " ") | AI15: =IF('Casing Review'!$C$27>0,'Casing Review'!U27, " ") | AJ15: =IF('Casing Review'!$C$27>0,'Casing Review'!V27, " ") | AK15: =IF('Casing Review'!$C$27>0,'Casing Review'!W27, " ") | AL15: =IF('Casing Review'!$C$27>0,'Casing Review'!X27, " ") | AM15: =IF('Casing Review'!$C$27>0,'Casing Review'!Y27, " ") | AN15: =IF('Casing Review'!$C$27>0,'Casing Review'!Z27, " ") | ... AR15: =IF('Casing Review'!$C$27>0,'Casing Review'!AD27, " ") | AT15: ='Vertical WBD'!CC123 | AU15: " Casing | AV15: =IF('Casing Review'!$C$27>0,'Casing Review'!S27, " ") | AW15: =IF('Casing Review'!$C$27>0,'Casing Review'!T27, " ") | AX15: =IF('Casing Review'!$C$27>0,'Casing Review'!U27, " ") | AY15: =IF('Casing Review'!$C$27>0,'Casing Review'!V27, " ") | AZ15: =IF('Casing Review'!$C$27>0,'Casing Review'!W27, " ") | BA15: =IF('Casing Review'!$C$27>0,'Casing Review'!X27, " ") | BB15: =IF('Casing Review'!$C$27>0,'Casing Review'!Y27, " ") | BC15: =IF('Casing Review'!$C$27>0,'Casing Review'!Z27, " ") | ... BG15: =IF('Casing Review'!$C$27>0,'Casing Review'!AD27, " ")
D16: =IF('Casing Review'!$C$29>0,'Casing Review'!T29, " ") | E16: =IF('Casing Review'!$C$29>0,'Casing Review'!U29, " ") | F16: =IF('Casing Review'!$C$29>0,'Casing Review'!V29, " ") | G16: =IF('Casing Review'!$C$29>0,'Casing Review'!W29, " ") | H16: =IF('Casing Review'!$C$29>0,'Casing Review'!X29, " ") | I16: =IF('Casing Review'!$C$29>0,'Casing Review'!Y29, " ") | J16: =IF('Casing Review'!$C$29>0,'Casing Review'!Z29, " ") | K16: =IF('Casing Review'!$C$29>0,'Casing Review'!AA29, " ") | ... N16: =IF('Casing Review'!$C$29>0,'Casing Review'!AD29, " ") | S16: =IF('Casing Review'!$C$29>0,'Casing Review'!T29, " ") | T16: =IF('Casing Review'!$C$29>0,'Casing Review'!U29, " ") | U16: =IF('Casing Review'!$C$29>0,'Casing Review'!V29, " ") | V16: =IF('Casing Review'!$C$29>0,'Casing Review'!W29, " ") | W16: =IF('Casing Review'!$C$29>0,'Casing Review'!X29, " ") | X16: =IF('Casing Review'!$C$29>0,'Casing Review'!Y29, " ") | Y16: =IF('Casing Review'!$C$29>0,'Casing Review'!Z29, " ") | Z16: =IF('Casing Review'!$C$29>0,'Casing Review'!AA29, " ") | ... AC16: =IF('Casing Review'!$C$29>0,'Casing Review'!AD29, " ") | AH16: =IF('Casing Review'!$C$29>0,'Casing Review'!T29, " ") | AI16: =IF('Casing Review'!$C$29>0,'Casing Review'!U29, " ") | AJ16: =IF('Casing Review'!$C$29>0,'Casing Review'!V29, " ") | AK16: =IF('Casing Review'!$C$29>0,'Casing Review'!W29, " ") | AL16: =IF('Casing Review'!$C$29>0,'Casing Review'!X29, " ") | AM16: =IF('Casing Review'!$C$29>0,'Casing Review'!Y29, " ") | AN16: =IF('Casing Review'!$C$29>0,'Casing Review'!Z29, " ") | AO16: =IF('Casing Review'!$C$29>0,'Casing Review'!AA29, " ") | ... AR16: =IF('Casing Review'!$C$29>0,'Casing Review'!AD29, " ") | AW16: =IF('Casing Review'!$C$29>0,'Casing Review'!T29, " ") | AX16: =IF('Casing Review'!$C$29>0,'Casing Review'!U29, " ") | AY16: =IF('Casing Review'!$C$29>0,'Casing Review'!V29, " ") | AZ16: =IF('Casing Review'!$C$29>0,'Casing Review'!W29, " ") | BA16: =IF('Casing Review'!$C$29>0,'Casing Review'!X29, " ") | BB16: =IF('Casing Review'!$C$29>0,'Casing Review'!Y29, " ") | BC16: =IF('Casing Review'!$C$29>0,'Casing Review'!Z29, " ") | BD16: =IF('Casing Review'!$C$29>0,'Casing Review'!AA29, " ") | ... BG16: =IF('Casing Review'!$C$29>0,'Casing Review'!AD29, " ")
D17: =IF('Casing Review'!$C$31>0,'Casing Review'!T31, " ") | E17: =IF('Casing Review'!$C$31>0,'Casing Review'!U31, " ") | F17: =IF('Casing Review'!$C$31>0,'Casing Review'!V31, " ") | G17: =IF('Casing Review'!$C$31>0,'Casing Review'!W31, " ") | H17: =IF('Casing Review'!$C$31>0,'Casing Review'!X31, " ") | I17: =IF('Casing Review'!$C$31>0,'Casing Review'!Y31, " ") | J17: =IF('Casing Review'!$C$31>0,'Casing Review'!Z31, " ") | K17: =IF('Casing Review'!$C$31>0,'Casing Review'!AA31, " ") | ... N17: =IF('Casing Review'!$C$31>0,'Casing Review'!AD31, " ") | S17: =IF('Casing Review'!$C$31>0,'Casing Review'!T31, " ") | T17: =IF('Casing Review'!$C$31>0,'Casing Review'!U31, " ") | U17: =IF('Casing Review'!$C$31>0,'Casing Review'!V31, " ") | V17: =IF('Casing Review'!$C$31>0,'Casing Review'!W31, " ") | W17: =IF('Casing Review'!$C$31>0,'Casing Review'!X31, " ") | X17: =IF('Casing Review'!$C$31>0,'Casing Review'!Y31, " ") | Y17: =IF('Casing Review'!$C$31>0,'Casing Review'!Z31, " ") | Z17: =IF('Casing Review'!$C$31>0,'Casing Review'!AA31, " ") | ... AC17: =IF('Casing Review'!$C$31>0,'Casing Review'!AD31, " ") | AH17: =IF('Casing Review'!$C$31>0,'Casing Review'!T31, " ") | AI17: =IF('Casing Review'!$C$31>0,'Casing Review'!U31, " ") | AJ17: =IF('Casing Review'!$C$31>0,'Casing Review'!V31, " ") | AK17: =IF('Casing Review'!$C$31>0,'Casing Review'!W31, " ") | AL17: =IF('Casing Review'!$C$31>0,'Casing Review'!X31, " ") | AM17: =IF('Casing Review'!$C$31>0,'Casing Review'!Y31, " ") | AN17: =IF('Casing Review'!$C$31>0,'Casing Review'!Z31, " ") | AO17: =IF('Casing Review'!$C$31>0,'Casing Review'!AA31, " ") | ... AR17: =IF('Casing Review'!$C$31>0,'Casing Review'!AD31, " ") | AW17: =IF('Casing Review'!$C$31>0,'Casing Review'!T31, " ") | AX17: =IF('Casing Review'!$C$31>0,'Casing Review'!U31, " ") | AY17: =IF('Casing Review'!$C$31>0,'Casing Review'!V31, " ") | AZ17: =IF('Casing Review'!$C$31>0,'Casing Review'!W31, " ") | BA17: =IF('Casing Review'!$C$31>0,'Casing Review'!X31, " ") | BB17: =IF('Casing Review'!$C$31>0,'Casing Review'!Y31, " ") | BC17: =IF('Casing Review'!$C$31>0,'Casing Review'!Z31, " ") | BD17: =IF('Casing Review'!$C$31>0,'Casing Review'!AA31, " ") | ... BG17: =IF('Casing Review'!$C$31>0,'Casing Review'!AD31, " ")
C18: MW (ppg) | D18: Internal Grad. (psi) | E18: Backup Mud (ppg) | F18: Internal Mud (ppg) | G18: Max Shoe Pressure (psi)* | H18: CSG Wt (lbs/ft) | I18: CSG Grade | J18: CSG Collar | K18: Cement Lead (sx) | L18: Lead Yield | M18: Cement Tail (sx) | N18: Tail Yield | R18: MW (ppg) | S18: Internal Grad. (psi) | T18: Backup Mud (ppg) | U18: Internal Mud (ppg) | V18: Max Shoe Pressure (psi)* | W18: CSG Wt (lbs/ft) | X18: CSG Grade | Y18: CSG Collar | Z18: Cement Lead (sx) | AA18: Lead Yield | AB18: Cement Tail (sx) | AC18: Tail Yield | AG18: MW (ppg) | AH18: Internal Grad. (psi) | AI18: Backup Mud (ppg) | AJ18: Internal Mud (ppg) | AK18: Max Shoe Pressure (psi)* | AL18: CSG Wt (lbs/ft) | AM18: CSG Grade | AN18: CSG Collar | AO18: Cement Lead (sx) | AP18: Lead Yield | AQ18: Cement Tail (sx) | AR18: Tail Yield | AV18: MW (ppg) | AW18: Internal Grad. (psi) | AX18: Backup Mud (ppg) | AY18: Internal Mud (ppg) | AZ18: Max Shoe Pressure (psi)* | BA18: CSG Wt (lbs/ft) | BB18: CSG Grade | BC18: CSG Collar | BD18: Cement Lead (sx) | BE18: Lead Yield | BF18: Cement Tail (sx) | BG18: Tail Yield
C19: =IF(AG19=0,"",AG19) | D19: =IF(AH19=0,"",AH19) | E19: =IF(AI19=0,"",AI19) | F19: =IF(AJ19=0,"",AJ19) | G19: =IF(AK19=0,"",AK19) | H19: =IF(AL19=0,"",AL19) | I19: =IF(AM19=0,"",AM19) | J19: =IF(AN19=0,"",AN19) | ... N19: =IF(AR19=0,"",AR19) | R19: =IF(AG19=0,"",AG19) | S19: =IF(AH19=0,"",AH19) | T19: =IF(AI19=0,"",AI19) | U19: =IF(AJ19=0,"",AJ19) | V19: =IF(AK19=0,"",AK19) | W19: =IF(AL19=0,"",AL19) | X19: =IF(AM19=0,"",AM19) | Y19: =IF(AN19=0,"",AN19) | ... AC19: =IF(AR19=0,"",AR19) | AG19: =IF('Casing Review'!$C$27>0,'Casing Review'!$B$33, " ") | AH19: =IF('Casing Review'!$C$27>0,'Casing Review'!$B$36, " ") | AI19: =IF('Casing Review'!$C$27>0,'Casing Review'!$B$37, " ") | AJ19: =IF('Casing Review'!$C$27>0,'Casing Review'!$B$38, " ") | AK19: =IF('Casing Review'!$C$27>0,'Casing Review'!$L$39, " ") | AL19: =IF('Casing Review'!$C$27>0,'Casing Review'!E$27, " ") | AM19: =IF('Casing Review'!$C$27>0,'Casing Review'!F$27, " ") | AN19: =IF('Casing Review'!$C$27>0,'Casing Review'!G$27, " ") | AO19: =IF('Casing Review'!$C$27>0,'Casing Review'!H$27, " ") | AP19: =IF('Casing Review'!$C$27>0,'Casing Review'!I$27, " ") | AQ19: =IF('Casing Review'!$C$27>0,'Casing Review'!J$27, " ") | AR19: =IF('Casing Review'!$C$27>0,'Casing Review'!K$27, " ") | AV19: =IF(AG19=0,"",AG19) | AW19: =IF(AH19=0,"",AH19) | AX19: =IF(AI19=0,"",AI19) | AY19: =IF(AJ19=0,"",AJ19) | AZ19: =IF(AK19=0,"",AK19) | BA19: =IF(AL19=0,"",AL19) | BB19: =IF(AM19=0,"",AM19) | BC19: =IF(AN19=0,"",AN19) | ... BG19: =IF(AR19=0,"",AR19)
C20: =IF(AG20=0,"",AG20) | D20: =IF(AH20=0,"",AH20) | E20: =IF(AI20=0,"",AI20) | F20: =IF(AJ20=0,"",AJ20) | G20: =IF(AK20=0,"",AK20) | H20: =IF(AL20=0,"",AL20) | I20: =IF(AM20=0,"",AM20) | J20: =IF(AN20=0,"",AN20) | ... N20: =IF(AR20=0,"",AR20) | R20: =IF(AG20=0,"",AG20) | S20: =IF(AH20=0,"",AH20) | T20: =IF(AI20=0,"",AI20) | U20: =IF(AJ20=0,"",AJ20) | V20: =IF(AK20=0,"",AK20) | W20: =IF(AL20=0,"",AL20) | X20: =IF(AM20=0,"",AM20) | Y20: =IF(AN20=0,"",AN20) | ... AC20: =IF(AR20=0,"",AR20) | AL20: =IF('Casing Review'!$C$29>0,'Casing Review'!E$29, " ") | AM20: =IF('Casing Review'!$C$29>0,'Casing Review'!F$29, " ") | AN20: =IF('Casing Review'!$C$29>0,'Casing Review'!G$29, " ") | AO20: =IF('Casing Review'!$C$29>0,'Casing Review'!H$29, " ") | AP20: =IF('Casing Review'!$C$29>0,'Casing Review'!I$29, " ") | AQ20: =IF('Casing Review'!$C$29>0,'Casing Review'!J$29, " ") | AR20: =IF('Casing Review'!$C$29>0,'Casing Review'!K$29, " ") | AV20: =IF(AG20=0,"",AG20) | AW20: =IF(AH20=0,"",AH20) | AX20: =IF(AI20=0,"",AI20) | AY20: =IF(AJ20=0,"",AJ20) | AZ20: =IF(AK20=0,"",AK20) | BA20: =IF(AL20=0,"",AL20) | BB20: =IF(AM20=0,"",AM20) | BC20: =IF(AN20=0,"",AN20) | ... BG20: =IF(AR20=0,"",AR20)
C21: =IF(AG21=0,"",AG21) | D21: =IF(AH21=0,"",AH21) | E21: =IF(AI21=0,"",AI21) | F21: =IF(AJ21=0,"",AJ21) | G21: =IF(AK21=0,"",AK21) | H21: =IF(AL21=0,"",AL21) | I21: =IF(AM21=0,"",AM21) | J21: =IF(AN21=0,"",AN21) | ... N21: =IF(AR21=0,"",AR21) | R21: =IF(AG21=0,"",AG21) | S21: =IF(AH21=0,"",AH21) | T21: =IF(AI21=0,"",AI21) | U21: =IF(AJ21=0,"",AJ21) | V21: =IF(AK21=0,"",AK21) | W21: =IF(AL21=0,"",AL21) | X21: =IF(AM21=0,"",AM21) | Y21: =IF(AN21=0,"",AN21) | ... AC21: =IF(AR21=0,"",AR21) | AL21: =IF('Casing Review'!$C$31>0,'Casing Review'!E$31, " ") | AM21: =IF('Casing Review'!$C$31>0,'Casing Review'!F$31, " ") | AN21: =IF('Casing Review'!$C$31>0,'Casing Review'!G$31, " ") | AO21: =IF('Casing Review'!$C$31>0,'Casing Review'!H$31, " ") | AP21: =IF('Casing Review'!$C$31>0,'Casing Review'!I$31, " ") | AQ21: =IF('Casing Review'!$C$31>0,'Casing Review'!J$31, " ") | AR21: =IF('Casing Review'!$C$31>0,'Casing Review'!K$31, " ") | AV21: =IF(AG21=0,"",AG21) | AW21: =IF(AH21=0,"",AH21) | AX21: =IF(AI21=0,"",AI21) | AY21: =IF(AJ21=0,"",AJ21) | AZ21: =IF(AK21=0,"",AK21) | BA21: =IF(AL21=0,"",AL21) | BB21: =IF(AM21=0,"",AM21) | BC21: =IF(AN21=0,"",AN21) | ... BG21: =IF(AR21=0,"",AR21)
C22: MASP | D22: Collapse Strength (psi) | E22: Collapse Load (psi) | F22: Collapse DF | G22: Burst Strength (psi) | H22: Burst Load (psi) | I22: Burst DF | J22: Tension Strength (kips) | K22: Tension DF | L22: Neutral Point (ft) | M22: Tension Air (kips) | N22: Tension Buoyed (kips) | R22: MASP | S22: Collapse Strength (psi) | T22: Collapse Load (psi) | U22: Collapse DF | V22: Burst Strength (psi) | W22: Burst Load (psi) | X22: Burst DF | Y22: Tension Strength (kips) | Z22: Tension DF | AA22: Neutral Point (ft) | AB22: Tension Air (kips) | AC22: Tension Buoyed (kips) | AG22: MASP | AH22: Collapse Strength (psi) | AI22: Collapse Load (psi) | AJ22: Collapse DF | AK22: Burst Strength (psi) | AL22: Burst Load (psi) | AM22: Burst DF | AN22: Tension Strength (kips) | AO22: Tension DF | AP22: Neutral Point (ft) | AQ22: Tension Air (kips) | AR22: Tension Buoyed (kips)
A23: ='Vertical WBD'!AD123 | B23: " Casing | C23: =IF('Casing Review'!$C$42>0,'Casing Review'!S42, " ") | D23: =IF('Casing Review'!$C$42>0,'Casing Review'!T42, " ") | E23: =IF('Casing Review'!$C$42>0,'Casing Review'!U42, " ") | F23: =IF('Casing Review'!$C$42>0,'Casing Review'!V42, " ") | G23: =IF('Casing Review'!$C$42>0,'Casing Review'!W42, " ") | H23: =IF('Casing Review'!$C$42>0,'Casing Review'!X42, " ") | I23: =IF('Casing Review'!$C$42>0,'Casing Review'!Y42, " ") | J23: =IF('Casing Review'!$C$42>0,'Casing Review'!Z42, " ") | ... N23: =IF('Casing Review'!$C$42>0,'Casing Review'!AD42, " ") | P23: ='Vertical WBD'!AU123 | Q23: " Liner | R23: =IF('Casing Review'!$C$57>0,'Casing Review'!S57, " ") | S23: =IF('Casing Review'!$C$57>0,'Casing Review'!T57, " ") | T23: =IF('Casing Review'!$C$57>0,'Casing Review'!U57, " ") | U23: =IF('Casing Review'!$C$57>0,'Casing Review'!V57, " ") | V23: =IF('Casing Review'!$C$57>0,'Casing Review'!W57, " ") | W23: =IF('Casing Review'!$C$57>0,'Casing Review'!X57, " ") | X23: =IF('Casing Review'!$C$57>0,'Casing Review'!Y57, " ") | Y23: =IF('Casing Review'!$C$57>0,'Casing Review'!Z57, " ") | ... AC23: =IF('Casing Review'!$C$57>0,'Casing Review'!AD57, " ") | AE23: ='Vertical WBD'!BL111 | AF23: " Casing | AG23: =IF('Casing Review'!$C$42>0,'Casing Review'!S42, " ") | AH23: =IF('Casing Review'!$C$42>0,'Casing Review'!T42, " ") | AI23: =IF('Casing Review'!$C$42>0,'Casing Review'!U42, " ") | AJ23: =IF('Casing Review'!$C$42>0,'Casing Review'!V42, " ") | AK23: =IF('Casing Review'!$C$42>0,'Casing Review'!W42, " ") | AL23: =IF('Casing Review'!$C$42>0,'Casing Review'!X42, " ") | AM23: =IF('Casing Review'!$C$42>0,'Casing Review'!Y42, " ") | AN23: =IF('Casing Review'!$C$42>0,'Casing Review'!Z42, " ") | ... AR23: =IF('Casing Review'!$C$42>0,'Casing Review'!AD42, " ")
D24: =IF('Casing Review'!$C$44>0,'Casing Review'!T44, " ") | E24: =IF('Casing Review'!$C$44>0,'Casing Review'!U44, " ") | F24: =IF('Casing Review'!$C$44>0,'Casing Review'!V44, " ") | G24: =IF('Casing Review'!$C$44>0,'Casing Review'!W44, " ") | H24: =IF('Casing Review'!$C$44>0,'Casing Review'!X44, " ") | I24: =IF('Casing Review'!$C$44>0,'Casing Review'!Y44, " ") | J24: =IF('Casing Review'!$C$44>0,'Casing Review'!Z44, " ") | K24: =IF('Casing Review'!$C$44>0,'Casing Review'!AA44, " ") | ... N24: =IF('Casing Review'!$C$44>0,'Casing Review'!AD44, " ") | S24: =IF('Casing Review'!$C$59>0,'Casing Review'!T59, " ") | T24: =IF('Casing Review'!$C$59>0,'Casing Review'!U59, " ") | U24: =IF('Casing Review'!$C$59>0,'Casing Review'!V59, " ") | V24: =IF('Casing Review'!$C$59>0,'Casing Review'!W59, " ") | W24: =IF('Casing Review'!$C$59>0,'Casing Review'!X59, " ") | X24: =IF('Casing Review'!$C$59>0,'Casing Review'!Y59, " ") | Y24: =IF('Casing Review'!$C$59>0,'Casing Review'!Z59, " ") | Z24: =IF('Casing Review'!$C$59>0,'Casing Review'!AA59, " ") | ... AC24: =IF('Casing Review'!$C$59>0,'Casing Review'!AD59, " ") | AH24: =IF('Casing Review'!$C$44>0,'Casing Review'!T44, " ") | AI24: =IF('Casing Review'!$C$44>0,'Casing Review'!U44, " ") | AJ24: =IF('Casing Review'!$C$44>0,'Casing Review'!V44, " ") | AK24: =IF('Casing Review'!$C$44>0,'Casing Review'!W44, " ") | AL24: =IF('Casing Review'!$C$44>0,'Casing Review'!X44, " ") | AM24: =IF('Casing Review'!$C$44>0,'Casing Review'!Y44, " ") | AN24: =IF('Casing Review'!$C$44>0,'Casing Review'!Z44, " ") | AO24: =IF('Casing Review'!$C$44>0,'Casing Review'!AA44, " ") | ... AR24: =IF('Casing Review'!$C$44>0,'Casing Review'!AD44, " ")
D25: =IF('Casing Review'!$C$46>0,'Casing Review'!T46, " ") | E25: =IF('Casing Review'!$C$46>0,'Casing Review'!U46, " ") | F25: =IF('Casing Review'!$C$46>0,'Casing Review'!V46, " ") | G25: =IF('Casing Review'!$C$46>0,'Casing Review'!W46, " ") | H25: =IF('Casing Review'!$C$46>0,'Casing Review'!X46, " ") | I25: =IF('Casing Review'!$C$46>0,'Casing Review'!Y46, " ") | J25: =IF('Casing Review'!$C$46>0,'Casing Review'!Z46, " ") | K25: =IF('Casing Review'!$C$46>0,'Casing Review'!AA46, " ") | ... N25: =IF('Casing Review'!$C$46>0,'Casing Review'!AD46, " ") | S25: =IF('Casing Review'!$C$61>0,'Casing Review'!T61, " ") | T25: =IF('Casing Review'!$C$61>0,'Casing Review'!U61, " ") | U25: =IF('Casing Review'!$C$61>0,'Casing Review'!V61, " ") | V25: =IF('Casing Review'!$C$61>0,'Casing Review'!W61, " ") | W25: =IF('Casing Review'!$C$61>0,'Casing Review'!X61, " ") | X25: =IF('Casing Review'!$C$61>0,'Casing Review'!Y61, " ") | Y25: =IF('Casing Review'!$C$61>0,'Casing Review'!Z61, " ") | Z25: =IF('Casing Review'!$C$61>0,'Casing Review'!AA61, " ") | ... AC25: =IF('Casing Review'!$C$61>0,'Casing Review'!AD61, " ") | AH25: =IF('Casing Review'!$C$46>0,'Casing Review'!T46, " ") | AI25: =IF('Casing Review'!$C$46>0,'Casing Review'!U46, " ") | AJ25: =IF('Casing Review'!$C$46>0,'Casing Review'!V46, " ") | AK25: =IF('Casing Review'!$C$46>0,'Casing Review'!W46, " ") | AL25: =IF('Casing Review'!$C$46>0,'Casing Review'!X46, " ") | AM25: =IF('Casing Review'!$C$46>0,'Casing Review'!Y46, " ") | AN25: =IF('Casing Review'!$C$46>0,'Casing Review'!Z46, " ") | AO25: =IF('Casing Review'!$C$46>0,'Casing Review'!AA46, " ") | ... AR25: =IF('Casing Review'!$C$46>0,'Casing Review'!AD46, " ")
C26: MW (ppg) | D26: Internal Grad. (psi) | E26: Backup Mud (ppg) | F26: Internal Mud (ppg) | G26: Max Shoe Pressure (psi)* | H26: CSG Wt (lbs/ft) | I26: CSG Grade | J26: CSG Collar | K26: Cement Lead (sx) | L26: Lead Yield | M26: Cement Tail (sx) | N26: Tail Yield | R26: MW (ppg) | S26: Internal Grad. (psi) | T26: Backup Mud (ppg) | U26: Internal Mud (ppg) | V26: Max Shoe Pressure (psi)* | W26: CSG Wt (lbs/ft) | X26: CSG Grade | Y26: CSG Collar | Z26: Cement Lead (sx) | AA26: Lead Yield | AB26: Cement Tail (sx) | AC26: Tail Yield | AG26: MW (ppg) | AH26: Internal Grad. (psi) | AI26: Backup Mud (ppg) | AJ26: Internal Mud (ppg) | AK26: Max Shoe Pressure (psi)* | AL26: CSG Wt (lbs/ft) | AM26: CSG Grade | AN26: CSG Collar | AO26: Cement Lead (sx) | AP26: Lead Yield | AQ26: Cement Tail (sx) | AR26: Tail Yield
C27: =IF(AG27=0,"",AG27) | D27: =IF(AH27=0,"",AH27) | E27: =IF(AI27=0,"",AI27) | F27: =IF(AJ27=0,"",AJ27) | G27: =IF(AK27=0,"",AK27) | H27: =IF(AL27=0,"",AL27) | I27: =IF(AM27=0,"",AM27) | J27: =IF(AN27=0,"",AN27) | ... N27: =IF(AR27=0,"",AR27) | R27: =IF(AG35=0,"",AG35) | S27: =IF(AH35=0,"",AH35) | T27: =IF(AI35=0,"",AI35) | U27: =IF(AJ35=0,"",AJ35) | V27: =IF(AK35=0,"",AK35) | W27: =IF(AL35=0,"",AL35) | X27: =IF(AM35=0,"",AM35) | Y27: =IF(AN35=0,"",AN35) | ... AC27: =IF(AR35=0,"",AR35) | AG27: =IF('Casing Review'!$C$42>0,'Casing Review'!$B$48, " ") | AH27: =IF('Casing Review'!$C$42>0,'Casing Review'!$B$51, " ") | AI27: =IF('Casing Review'!$C$42>0,'Casing Review'!$B$52, " ") | AJ27: =IF('Casing Review'!$C$42>0,'Casing Review'!$B$53, " ") | AK27: =IF('Casing Review'!$C$42>0,'Casing Review'!$L$54, " ") | AL27: =IF('Casing Review'!$C$42>0,'Casing Review'!E$42, " ") | AM27: =IF('Casing Review'!$C$42>0,'Casing Review'!F$42, " ") | AN27: =IF('Casing Review'!$C$42>0,'Casing Review'!G$42, " ") | AO27: =IF('Casing Review'!$C$42>0,'Casing Review'!H$42, " ") | AP27: =IF('Casing Review'!$C$42>0,'Casing Review'!I$42, " ") | AQ27: =IF('Casing Review'!$C$42>0,'Casing Review'!J$42, " ") | AR27: =IF('Casing Review'!$C$42>0,'Casing Review'!K$42, " ")
C28: =IF(AG28=0,"",AG28) | D28: =IF(AH28=0,"",AH28) | E28: =IF(AI28=0,"",AI28) | F28: =IF(AJ28=0,"",AJ28) | G28: =IF(AK28=0,"",AK28) | H28: =IF(AL28=0,"",AL28) | I28: =IF(AM28=0,"",AM28) | J28: =IF(AN28=0,"",AN28) | ... N28: =IF(AR28=0,"",AR28) | R28: =IF(AG36=0,"",AG36) | S28: =IF(AH36=0,"",AH36) | T28: =IF(AI36=0,"",AI36) | U28: =IF(AJ36=0,"",AJ36) | V28: =IF(AK36=0,"",AK36) | W28: =IF(AL36=0,"",AL36) | X28: =IF(AM36=0,"",AM36) | Y28: =IF(AN36=0,"",AN36) | ... AC28: =IF(AR36=0,"",AR36) | AL28: =IF('Casing Review'!$C$44>0,'Casing Review'!E$44, " ") | AM28: =IF('Casing Review'!$C$44>0,'Casing Review'!F$44, " ") | AN28: =IF('Casing Review'!$C$44>0,'Casing Review'!G$44, " ") | AO28: =IF('Casing Review'!$C$44>0,'Casing Review'!H$44, " ") | AP28: =IF('Casing Review'!$C$44>0,'Casing Review'!I$44, " ") | AQ28: =IF('Casing Review'!$C$44>0,'Casing Review'!J$44, " ") | AR28: =IF('Casing Review'!$C$44>0,'Casing Review'!K$44, " ")
